sample,ch0,ch1,ch2,ch3,ch4,ch5,ch6,ch7
0,608,598,606,609,608,594,601,602
1,595,599,599,602,594,601,603,594
2,609,598,592,607,602,604,604,604
3,-595,-597,-599,-603,-596,-592,-605,-602
4,-598,-609,-591,-591,-594,-603,-594,-597
5,-605,-607,-607,-598,-596,-599,-599,-609
6,606,603,608,607,601,604,593,591
7,603,598,601,594,598,602,606,599
8,600,592,593,592,599,600,603,606
9,-598,-608,-604,-608,-601,-606,-599,-604
10,-600,-593,-593,-597,-608,-597,-593,-601
11,-604,-603,-608,-600,-595,-592,-602,-601
12,591,608,596,601,606,601,605,599
13,596,599,608,606,606,605,592,591
14,603,602,604,601,606,591,601,603
15,-597,-600,-606,-591,-601,-602,-592,-603
16,-601,-592,-593,-599,-602,-603,-600,-603
17,-605,-604,-604,-591,-606,-607,-595,-593
18,591,595,604,609,606,601,600,598
19,606,605,607,603,591,609,607,602
20,595,594,599,603,597,597,609,604
21,-601,-606,-603,-591,-600,-606,-607,-609
22,-592,-595,-604,-593,-592,-605,-601,-600
23,-606,-605,-594,-604,-603,-596,-591,-603
24,603,606,605,609,609,609,598,594
25,601,595,609,603,609,603,608,608
26,606,595,596,591,592,598,607,607
27,-606,-593,-603,-599,-594,-594,-606,-593
28,-605,-597,-603,-601,-609,-605,-597,-607
29,-592,-595,-608,-601,-595,-602,-594,-604
30,604,605,592,591,596,596,595,600
31,595,594,604,606,600,608,597,592
32,609,608,607,600,603,606,597,609
33,-605,-604,-606,-601,-604,-603,-591,-602
34,-601,-607,-600,-604,-596,-607,-594,-601
35,-607,-593,-593,-601,-603,-594,-600,-607
36,597,593,593,604,593,603,594,608
37,601,607,605,593,595,595,600,592
38,591,607,600,592,601,599,601,607
39,-603,-600,-609,-601,-598,-609,-598,-602
40,-608,-598,-601,-606,-594,-591,-593,-599
41,-605,-595,-598,-592,-599,-604,-609,-607
42,591,606,594,593,606,603,593,609
43,603,594,592,607,605,608,600,601
44,598,596,607,606,600,596,595,601
45,-596,-608,-606,-605,-607,-607,-601,-606
46,-594,-605,-594,-609,-598,-606,-604,-608
47,-598,-592,-606,-596,-592,-592,-598,-595
48,597,594,597,591,592,598,605,591
49,604,594,595,594,605,601,594,607
50,596,598,605,594,599,598,606,601
51,-603,-593,-600,-591,-595,-591,-606,-593
52,-600,-609,-599,-609,-599,-596,-602,-601
53,-596,-592,-594,-606,-599,-608,-599,-597
54,607,596,608,606,596,602,608,600
55,592,592,606,603,596,605,599,607
56,609,595,591,595,603,596,592,592
57,-601,-609,-604,-597,-594,-608,-595,-604
58,-606,-592,-592,-603,-606,-608,-594,-607
59,-603,-600,-605,-601,-603,-595,-595,-608
60,591,595,592,607,602,593,600,601
61,605,593,597,603,594,597,608,599
62,603,591,602,596,596,597,600,592
63,-596,-605,-606,-604,-607,-592,-607,-597
64,-607,-599,-600,-597,-603,-594,-608,-591
65,-607,-609,-592,-604,-593,-595,-597,-603
66,602,597,595,604,601,602,609,597
67,592,609,591,601,604,609,591,592
68,608,597,608,593,608,602,596,599
69,-609,-602,-597,-598,-597,-602,-599,-601
70,-594,-609,-605,-600,-604,-597,-603,-609
71,-609,-599,-601,-593,-607,-608,-605,-597
72,601,607,604,597,606,591,603,595
73,597,599,606,603,603,598,591,594
74,603,607,607,591,603,595,592,603
75,-593,-596,-607,-606,-603,-593,-596,-609
76,-596,-609,-607,-594,-597,-606,-595,-598
77,-605,-604,-591,-606,-606,-603,-595,-594
78,609,605,593,606,600,591,591,606
79,594,598,591,594,601,599,596,603
80,601,606,607,602,592,607,608,609
81,-598,-593,-591,-599,-606,-603,-604,-605
82,-595,-604,-605,-605,-606,-609,-607,-600
83,-604,-608,-608,-607,-598,-597,-608,-597
84,606,601,598,601,595,599,594,605
85,597,597,591,600,607,607,604,595
86,608,591,600,606,605,607,591,593
87,-606,-601,-599,-603,-605,-600,-596,-609
88,-596,-604,-596,-609,-597,-592,-598,-593
89,-609,-608,-604,-602,-609,-605,-602,-606
90,594,596,604,595,592,598,592,607
91,594,591,597,605,606,592,598,603
92,596,599,608,607,597,608,591,595
93,-605,-591,-593,-592,-602,-593,-599,-596
94,-607,-601,-607,-603,-595,-600,-596,-604
95,-597,-598,-604,-597,-604,-597,-606,-609
96,606,599,596,592,597,603,609,607
97,602,593,601,599,603,596,596,609
98,600,594,600,606,594,602,605,591
99,-591,-595,-598,-603,-593,-593,-595,-599
100,-602,-607,-593,-606,-593,-603,-596,-605
101,-608,-606,-602,-603,-602,-606,-604,-595
102,595,602,598,606,594,606,592,606
103,606,597,598,598,604,601,596,607
104,609,597,607,600,594,599,595,600
105,-591,-591,-594,-604,-594,-591,-601,-595
106,-594,-600,-594,-603,-604,-606,-604,-601
107,-604,-596,-594,-608,-599,-598,-599,-593
108,597,609,609,601,603,592,608,608
109,608,601,606,609,598,601,607,601
110,594,591,608,601,595,597,591,600
111,-601,-608,-604,-609,-595,-608,-593,-603
112,-594,-598,-591,-604,-607,-598,-593,-600
113,-598,-606,-602,-608,-606,-591,-592,-591
114,594,604,604,599,592,608,597,595
115,598,595,607,599,602,593,599,603
116,601,601,607,601,606,604,601,597
117,-602,-604,-593,-592,-606,-603,-600,-595
118,-594,-595,-598,-606,-602,-594,-603,-596
119,-605,-607,-598,-604,-604,-602,-609,-601
120,595,606,604,603,598,597,601,608
121,609,607,594,600,609,602,598,602
122,595,606,607,604,606,594,607,598
123,-601,-604,-606,-607,-591,-592,-604,-592
124,-602,-608,-601,-602,-591,-595,-601,-594
125,-608,-601,-592,-600,-601,-607,-604,-608
126,607,600,601,600,592,607,599,605
127,600,598,602,601,598,595,605,600
128,592,605,599,605,605,606,608,597
129,-608,-608,-591,-599,-596,-608,-608,-604
130,-593,-607,-593,-599,-609,-592,-596,-594
131,-599,-602,-594,-595,-599,-597,-599,-599
132,600,609,595,607,598,603,597,595
133,592,604,601,603,606,598,608,597
134,597,593,600,596,602,592,609,594
135,-595,-596,-595,-609,-608,-592,-597,-603
136,-602,-606,-601,-603,-604,-602,-606,-591
137,-606,-607,-594,-607,-595,-600,-594,-606
138,607,607,595,604,606,597,609,597
139,603,603,604,607,606,608,609,604
140,591,595,608,609,602,592,608,605
141,-600,-609,-604,-598,-607,-605,-609,-609
142,-593,-594,-602,-599,-600,-591,-594,-601
143,-607,-601,-606,-593,-598,-597,-605,-595
144,600,604,608,604,602,598,593,608
145,606,595,604,591,593,602,597,591
146,602,593,604,593,601,601,597,592
147,-596,-607,-602,-605,-594,-592,-594,-594
148,-601,-606,-606,-597,-597,-604,-608,-601
149,-604,-593,-599,-602,-599,-603,-607,-599
150,595,603,599,607,596,608,599,595
151,603,596,594,594,606,596,602,599
152,609,608,602,605,595,591,593,594
153,-602,-606,-593,-591,-608,-603,-591,-593
154,-608,-591,-604,-596,-594,-592,-608,-597
155,-593,-608,-603,-605,-606,-595,-603,-600
156,605,596,595,593,595,593,597,602
157,603,597,591,598,598,602,597,594
158,608,603,599,605,603,602,602,594
159,-604,-607,-597,-598,-594,-606,-602,-596
160,-591,-604,-599,-603,-591,-595,-594,-609
161,-598,-596,-608,-598,-608,-592,-598,-598
162,599,597,595,608,593,598,598,591
163,607,597,601,606,606,593,603,591
164,596,597,595,606,595,604,592,593
165,-601,-607,-597,-599,-597,-593,-609,-594
166,-599,-609,-607,-604,-604,-592,-592,-600
167,-605,-601,-601,-602,-598,-603,-605,-596
168,601,607,604,606,601,597,604,597
169,598,592,592,606,601,593,592,592
170,595,605,598,599,596,594,591,603
171,-596,-602,-609,-606,-606,-591,-594,-599
172,-600,-603,-605,-608,-593,-609,-603,-600
173,-609,-594,-598,-609,-594,-599,-607,-592
174,598,596,599,593,598,604,596,609
175,596,603,596,604,593,603,596,608
176,604,596,595,594,595,598,596,607
177,-598,-593,-600,-608,-607,-596,-601,-608
178,-601,-602,-600,-598,-591,-602,-609,-591
179,-591,-592,-592,-607,-597,-594,-607,-601
180,601,595,608,607,600,597,597,599
181,598,608,609,608,604,603,594,601
182,609,607,608,595,593,591,601,609
183,-594,-608,-606,-604,-599,-604,-597,-609
184,-597,-607,-598,-603,-592,-601,-592,-604
185,-597,-593,-605,-607,-608,-592,-596,-592
186,598,595,595,608,599,598,596,597
187,600,607,591,591,607,592,593,592
188,599,601,606,591,600,594,608,602
189,-608,-600,-601,-592,-597,-595,-604,-603
190,-609,-602,-596,-608,-599,-593,-602,-594
191,-595,-598,-609,-607,-604,-598,-603,-591
192,595,594,600,599,604,597,601,595
193,608,593,605,595,607,609,605,601
194,609,602,600,601,601,606,604,596
195,-603,-595,-602,-607,-602,-607,-591,-597
196,-594,-596,-595,-603,-601,-591,-600,-593
197,-605,-598,-604,-591,-591,-602,-600,-606
198,601,606,594,592,609,600,606,591
199,597,604,603,600,604,596,608,609
200,594,607,594,595,597,599,592,601
201,-597,-604,-607,-603,-605,-609,-595,-607
202,-604,-609,-600,-593,-595,-600,-609,-609
203,-606,-596,-597,-609,-596,-605,-603,-603
204,600,598,606,594,600,598,598,592
205,608,599,591,595,594,596,598,607
206,600,602,609,602,609,604,604,598
207,-597,-600,-600,-606,-608,-599,-592,-601
208,-607,-607,-606,-609,-595,-602,-592,-597
209,-596,-599,-597,-599,-593,-608,-601,-595
210,592,596,596,606,592,608,602,602
211,608,592,609,599,600,602,595,601
212,596,601,596,593,592,591,607,602
213,-601,-605,-602,-594,-596,-601,-593,-595
214,-596,-606,-598,-599,-603,-592,-599,-604
215,-601,-604,-600,-604,-599,-599,-601,-607
216,597,601,596,604,594,605,606,608
217,594,598,607,608,603,593,606,599
218,596,605,601,609,599,605,598,598
219,-602,-594,-600,-594,-608,-603,-593,-598
220,-606,-609,-595,-608,-593,-602,-595,-595
221,-609,-602,-608,-602,-604,-601,-609,-599
222,595,607,595,605,606,593,598,597
223,609,596,596,593,595,591,593,602
224,602,602,600,605,604,597,604,596
225,-595,-606,-598,-601,-595,-602,-595,-601
226,-594,-608,-599,-601,-609,-597,-599,-598
227,-609,-601,-605,-596,-609,-601,-596,-602
228,600,608,604,599,592,602,593,599
229,600,595,591,608,594,593,601,592
230,599,602,601,597,598,608,595,605
231,-601,-597,-597,-591,-607,-592,-598,-595
232,-603,-603,-601,-598,-608,-600,-594,-592
233,-596,-605,-605,-597,-592,-604,-601,-604
234,599,605,599,602,609,593,607,605
235,599,605,600,597,599,607,599,592
236,592,595,607,608,608,603,603,606
237,-599,-596,-608,-593,-592,-598,-602,-594
238,-592,-593,-593,-598,-604,-601,-598,-603
239,-591,-594,-609,-598,-606,-600,-609,-603
240,594,598,609,607,608,608,608,596
241,607,605,598,598,599,595,602,604
242,595,596,603,599,602,596,591,602
243,-598,-595,-594,-606,-608,-594,-608,-595
244,-609,-598,-599,-607,-607,-607,-592,-592
245,-606,-597,-597,-596,-591,-600,-595,-606
246,594,592,598,606,609,605,591,599
247,596,592,598,606,601,608,600,605
248,598,591,607,606,592,599,604,604
249,-609,-599,-597,-609,-592,-600,-593,-602
250,593,591,594,600,607,594,602,606
251,609,592,596,608,601,604,593,598
252,591,594,603,608,591,595,592,592
253,602,606,593,593,597,605,605,605
254,596,595,595,606,607,601,600,598
255,-591,-597,-597,-605,-603,-593,-609,-592
256,-601,-603,-607,-605,-609,-605,-600,-594
257,-600,-603,-594,-606,-606,-591,-606,-598
258,-596,-605,-604,-599,-604,-595,-600,-604
259,-591,-605,-604,-600,-595,-605,-595,-599
260,598,605,603,592,601,598,601,600
261,609,601,592,591,603,595,605,606
262,596,595,606,591,608,604,598,591
263,602,592,609,593,595,604,607,604
264,592,592,598,601,606,597,600,599
265,-592,-608,-592,-601,-604,-601,-603,-593
266,-595,-600,-607,-603,-591,-599,-595,-606
267,-592,-603,-607,-594,-594,-603,-603,-608
268,-604,-603,-591,-598,-606,-604,-603,-609
269,-597,-595,-603,-592,-607,-591,-609,-607
270,598,602,604,599,598,598,595,606
271,596,598,599,609,606,609,594,608
272,602,595,600,598,592,598,606,604
273,593,609,596,602,595,596,605,595
274,609,595,606,593,602,603,593,596
275,-608,-595,-591,-604,-607,-599,-606,-596
276,-600,-606,-605,-594,-609,-600,-596,-596
277,-597,-591,-596,-598,-593,-597,-595,-608
278,-607,-602,-600,-603,-595,-609,-606,-607
279,-596,-592,-596,-606,-598,-600,-608,-599
280,608,597,595,603,597,609,600,609
281,601,594,606,598,608,593,605,605
282,597,600,603,600,593,593,600,595
283,602,599,609,603,597,603,606,605
284,604,600,591,607,592,607,599,594
285,-606,-598,-600,-608,-599,-599,-595,-591
286,-598,-604,-591,-593,-608,-592,-604,-598
287,-606,-599,-609,-595,-596,-597,-605,-605
288,-593,-599,-604,-593,-602,-606,-600,-594
289,-599,-608,-604,-601,-606,-593,-592,-603
290,598,595,608,601,598,608,592,596
291,608,608,593,594,603,609,598,593
292,601,604,600,601,595,594,597,591
293,604,603,597,602,606,606,591,604
294,599,594,600,593,603,609,594,599
295,-605,-607,-593,-598,-595,-607,-605,-600
296,-594,-592,-592,-596,-604,-595,-609,-595
297,-596,-604,-601,-597,-608,-598,-596,-606
298,-604,-603,-607,-603,-600,-599,-604,-604
299,-597,-604,-595,-602,-599,-607,-604,-597
300,607,600,591,595,591,599,604,591
301,609,598,598,591,607,601,594,592
302,596,602,604,599,598,604,593,605
303,603,604,603,595,592,599,608,593
304,605,599,597,607,603,597,601,602
305,-605,-609,-592,-600,-604,-602,-593,-603
306,-596,-605,-597,-606,-594,-594,-600,-604
307,-595,-592,-596,-601,-602,-597,-607,-602
308,-601,-607,-598,-606,-606,-605,-607,-604
309,-598,-603,-608,-607,-607,-602,-595,-607
310,596,608,600,605,605,594,608,596
311,606,596,598,591,593,599,598,606
312,609,603,603,601,591,606,592,603
313,607,605,608,591,604,607,598,594
314,609,603,601,608,602,592,609,603
315,-596,-595,-601,-603,-606,-597,-594,-609
316,-604,-607,-607,-605,-596,-595,-595,-608
317,-600,-599,-595,-592,-591,-604,-599,-600
318,-593,-606,-591,-605,-606,-602,-604,-591
319,-597,-595,-591,-603,-609,-593,-597,-606
320,601,604,607,602,607,603,608,595
321,609,607,602,607,606,601,607,609
322,602,601,604,598,598,596,601,596
323,608,603,603,604,599,593,593,605
324,604,608,599,607,607,605,604,609
325,-607,-602,-596,-591,-596,-602,-605,-608
326,-609,-592,-593,-604,-604,-605,-593,-603
327,-608,-604,-599,-608,-607,-597,-591,-595
328,-598,-603,-598,-608,-599,-592,-591,-606
329,-594,-603,-609,-598,-596,-598,-608,-593
330,605,599,609,596,596,609,597,597
331,598,592,609,592,597,598,593,605
332,601,607,595,605,600,602,596,593
333,601,599,605,600,600,593,605,603
334,591,597,599,608,609,607,601,607
335,-600,-598,-599,-596,-603,-608,-600,-591
336,-608,-600,-596,-604,-596,-605,-591,-605
337,-605,-609,-594,-596,-609,-596,-607,-597
338,-594,-594,-601,-605,-591,-592,-596,-598
339,-609,-609,-592,-598,-592,-592,-607,-607
340,608,595,607,607,603,594,592,602
341,592,601,597,602,606,600,603,609
342,604,606,596,598,604,598,606,608
343,609,591,609,591,600,608,591,601
344,608,599,609,606,601,606,597,593
345,-603,-608,-593,-599,-609,-600,-597,-597
346,-608,-603,-595,-601,-596,-600,-592,-609
347,-597,-607,-598,-598,-607,-606,-603,-594
348,-600,-599,-593,-603,-609,-602,-592,-602
349,-598,-594,-594,-598,-609,-595,-596,-591
350,600,604,606,601,608,599,592,593
351,593,599,604,609,598,596,607,605
352,608,609,605,593,594,606,597,605
353,606,607,609,599,600,594,595,593
354,598,603,607,592,604,603,593,595
355,-596,-592,-595,-602,-593,-593,-599,-608
356,-598,-599,-602,-603,-593,-604,-599,-603
357,-598,-599,-595,-601,-602,-595,-598,-599
358,-602,-598,-601,-594,-605,-598,-604,-596
359,-594,-596,-592,-600,-609,-601,-604,-601
360,600,593,609,609,597,596,607,597
361,602,604,601,596,601,595,604,602
362,608,609,602,593,598,602,606,591
363,600,600,609,594,596,608,606,592
364,598,602,607,594,603,595,603,603
365,-607,-596,-596,-597,-607,-599,-591,-606
366,-597,-591,-607,-606,-593,-609,-609,-595
367,-606,-593,-609,-602,-597,-597,-607,-595
368,-598,-592,-606,-597,-591,-606,-609,-604
369,-593,-594,-599,-599,-600,-609,-601,-600
370,604,592,604,602,599,599,609,594
371,596,595,593,592,605,600,599,601
372,603,603,595,594,600,606,593,591
373,600,599,592,603,597,606,597,608
374,599,595,592,595,597,599,605,597
375,-592,-605,-603,-601,-607,-602,-600,-596
376,-606,-593,-607,-608,-598,-595,-606,-597
377,-596,-604,-593,-604,-592,-606,-601,-607
378,-596,-603,-606,-596,-600,-599,-599,-609
379,-593,-602,-609,-601,-592,-608,-591,-607
380,592,601,605,600,598,595,606,605
381,608,607,601,593,592,606,593,604
382,601,598,592,600,597,601,595,592
383,609,592,593,596,607,598,598,608
384,604,606,594,598,598,599,603,597
385,-600,-599,-591,-594,-604,-605,-604,-594
386,-594,-596,-604,-605,-596,-593,-602,-607
387,-609,-606,-597,-605,-597,-603,-599,-595
388,-604,-602,-592,-592,-592,-605,-601,-601
389,-599,-591,-596,-603,-598,-602,-602,-607
390,602,591,594,604,601,595,598,600
391,601,594,607,594,601,609,592,608
392,601,593,596,591,604,597,596,595
393,606,601,602,597,591,597,593,597
394,600,598,607,601,607,602,602,603
395,-608,-596,-603,-603,-595,-593,-599,-605
396,-607,-606,-601,-594,-592,-600,-596,-599
397,-595,-603,-601,-594,-607,-598,-608,-591
398,-605,-604,-603,-593,-600,-591,-594,-608
399,-607,-591,-591,-598,-601,-609,-602,-594
400,592,593,609,608,606,604,595,592
401,594,594,604,591,599,594,591,600
402,599,607,597,596,603,601,607,604
403,608,597,602,594,603,601,602,609
404,604,601,609,599,593,596,600,606
405,-605,-600,-594,-604,-595,-594,-609,-604
406,-592,-604,-601,-592,-609,-606,-597,-606
407,-596,-595,-595,-591,-602,-609,-608,-604
408,-600,-602,-603,-597,-604,-607,-606,-605
409,-596,-605,-606,-605,-607,-602,-597,-604
410,609,593,604,597,591,604,593,602
411,598,591,595,606,602,593,602,596
412,592,603,592,597,601,599,603,607
413,606,594,594,606,607,608,604,604
414,605,597,596,597,594,601,596,599
415,-598,-607,-594,-598,-600,-596,-606,-603
416,-604,-609,-602,-608,-592,-602,-608,-591
417,-602,-608,-600,-604,-605,-606,-605,-591
418,-604,-606,-599,-606,-594,-602,-599,-598
419,-592,-598,-598,-593,-606,-597,-609,-595
420,606,602,608,602,593,592,602,602
421,597,605,593,596,592,599,606,599
422,605,597,608,608,596,602,604,598
423,597,601,609,599,592,598,608,599
424,607,593,599,601,598,595,606,600
425,-606,-609,-602,-608,-600,-609,-592,-602
426,-593,-606,-596,-600,-607,-607,-598,-593
427,-594,-599,-591,-606,-606,-602,-599,-593
428,-594,-608,-599,-604,-597,-593,-603,-600
429,-593,-594,-593,-592,-605,-601,-604,-597
430,600,606,609,609,608,607,593,606
431,604,605,596,596,605,609,600,592
432,601,609,603,592,597,602,594,601
433,602,596,606,592,608,609,593,603
434,592,609,602,608,597,591,602,593
435,-603,-593,-605,-605,-597,-593,-593,-596
436,-594,-609,-604,-591,-592,-602,-595,-591
437,-603,-600,-607,-607,-607,-604,-591,-596
438,-600,-594,-604,-608,-606,-608,-596,-595
439,-608,-608,-601,-599,-596,-598,-597,-598
440,595,606,606,601,603,592,607,600
441,598,597,597,597,598,602,594,592
442,601,601,595,597,591,593,594,605
443,609,600,600,598,608,600,593,595
444,601,609,604,594,595,600,604,603
445,-596,-598,-604,-604,-607,-599,-603,-592
446,-606,-609,-596,-595,-606,-599,-600,-593
447,-608,-608,-597,-592,-603,-603,-608,-591
448,-608,-607,-598,-601,-601,-601,-606,-604
449,-592,-605,-595,-606,-608,-606,-591,-598
450,594,607,607,595,598,604,594,609
451,593,603,593,602,607,603,607,598
452,602,603,596,604,607,609,602,605
453,598,599,608,596,607,598,605,606
454,601,591,608,599,601,607,606,603
455,-605,-592,-601,-598,-603,-600,-596,-609
456,-607,-604,-591,-593,-601,-601,-597,-601
457,-601,-592,-594,-594,-602,-594,-597,-595
458,-595,-600,-597,-604,-599,-591,-596,-604
459,-594,-601,-595,-602,-598,-591,-608,-591
460,594,599,592,608,596,606,599,593
461,593,602,607,603,600,595,606,601
462,594,603,595,599,600,607,601,602
463,597,597,607,599,603,603,597,595
464,592,602,599,605,608,591,605,604
465,-600,-604,-607,-596,-591,-593,-591,-598
466,-603,-599,-609,-594,-606,-609,-595,-601
467,-598,-605,-605,-605,-606,-592,-595,-602
468,-596,-598,-595,-602,-604,-598,-607,-594
469,-592,-604,-592,-606,-606,-608,-602,-606
470,602,596,594,604,607,608,600,598
471,605,603,602,607,599,602,599,596
472,593,603,593,604,605,592,600,593
473,600,606,608,602,605,603,608,600
474,601,604,603,597,595,602,609,593
475,-597,-591,-609,-607,-598,-591,-607,-597
476,-605,-597,-593,-603,-600,-599,-606,-601
477,-591,-605,-608,-593,-598,-606,-598,-597
478,-605,-591,-599,-602,-596,-602,-608,-603
479,-607,-595,-599,-606,-594,-595,-609,-607
480,599,595,604,594,592,605,607,596
481,593,594,597,593,601,591,598,591
482,608,596,593,591,607,602,600,601
483,604,600,600,592,592,600,609,609
484,604,591,595,601,607,598,603,602
485,-608,-607,-604,-604,-609,-596,-607,-599
486,-602,-592,-608,-592,-609,-600,-598,-597
487,-604,-594,-606,-604,-608,-601,-597,-591
488,-601,-608,-607,-598,-598,-601,-602,-602
489,-597,-602,-601,-606,-608,-594,-599,-602
490,602,606,602,595,601,602,606,608
491,599,608,608,608,598,598,597,594
492,596,592,602,591,607,600,608,592
493,603,607,591,603,597,592,602,609
494,591,596,604,609,597,605,602,605
495,-602,-599,-604,-602,-593,-593,-606,-592
496,-608,-594,-592,-604,-604,-595,-606,-593
497,-598,-597,-593,-605,-609,-609,-601,-597
498,-591,-608,-606,-598,-591,-596,-605,-591
499,-595,-591,-606,-601,-604,-599,-593,-609
500,599,592,608,604,602,605,594,609
501,597,603,605,598,603,609,607,597
502,596,607,603,593,606,601,608,598
503,606,609,606,607,591,607,591,603
504,602,591,594,599,603,596,609,598
505,592,592,600,597,596,603,599,594
506,603,599,607,597,604,596,604,591
507,600,595,598,591,598,598,593,600
508,-599,-593,-607,-594,-608,-602,-591,-599
509,-603,-592,-594,-593,-597,-604,-596,-592
510,-598,-604,-602,-599,-593,-599,-598,-606
511,-594,-591,-596,-596,-604,-594,-599,-594
512,-600,-600,-604,-592,-593,-594,-609,-598
513,-608,-608,-607,-607,-609,-599,-602,-599
514,-593,-599,-605,-605,-591,-598,-608,-603
515,-602,-592,-605,-604,-605,-604,-605,-594
516,594,607,597,605,594,606,591,592
517,606,609,593,609,609,601,606,596
518,597,593,602,597,599,603,609,603
519,602,591,605,594,591,598,603,608
520,600,609,606,605,602,604,595,609
521,607,608,594,594,609,594,600,596
522,605,608,593,597,594,607,606,592
523,599,599,604,605,603,600,595,600
524,-599,-607,-597,-605,-601,-596,-597,-609
525,-600,-595,-605,-605,-607,-600,-600,-605
526,-602,-605,-604,-600,-607,-596,-605,-598
527,-591,-593,-595,-595,-607,-607,-599,-595
528,-598,-595,-591,-591,-600,-597,-596,-597
529,-597,-606,-592,-604,-607,-598,-607,-607
530,-609,-609,-591,-604,-596,-599,-605,-597
531,-605,-593,-604,-599,-609,-599,-595,-592
532,605,608,604,601,596,597,606,605
533,597,599,607,599,608,593,608,600
534,602,597,596,596,592,605,607,592
535,596,594,603,607,600,594,596,591
536,591,592,601,605,605,600,600,609
537,594,609,602,600,598,605,596,599
538,596,595,599,596,600,603,596,605
539,608,599,606,598,609,601,604,605
540,-606,-602,-596,-593,-609,-593,-591,-591
541,-605,-601,-596,-592,-596,-596,-599,-603
542,-602,-601,-595,-593,-603,-600,-604,-609
543,-606,-606,-596,-600,-606,-591,-605,-597
544,-592,-602,-599,-591,-593,-608,-599,-593
545,-594,-596,-609,-594,-592,-599,-599,-594
546,-601,-594,-595,-594,-602,-594,-594,-598
547,-605,-602,-598,-599,-608,-593,-599,-605
548,605,597,594,609,595,598,601,594
549,597,593,604,596,605,598,598,591
550,593,606,592,597,595,593,593,603
551,607,591,592,601,601,593,609,607
552,604,593,595,603,600,592,592,607
553,600,603,595,605,593,592,598,592
554,609,603,593,601,600,595,602,598
555,607,606,603,601,605,605,603,607
556,-603,-595,-600,-605,-601,-604,-605,-605
557,-609,-602,-596,-596,-604,-598,-595,-597
558,-609,-592,-593,-609,-591,-606,-604,-601
559,-595,-601,-606,-593,-606,-599,-603,-595
560,-609,-605,-600,-607,-604,-600,-593,-602
561,-596,-609,-593,-606,-603,-608,-605,-603
562,-599,-599,-591,-600,-606,-603,-603,-606
563,-602,-608,-594,-593,-607,-608,-597,-609
564,604,596,609,595,604,593,595,594
565,596,605,593,596,598,591,606,609
566,596,607,603,607,598,604,595,592
567,602,605,603,607,608,604,599,604
568,593,596,605,596,593,601,609,606
569,595,603,600,605,593,606,604,602
570,600,607,608,594,591,607,602,609
571,596,605,594,594,599,602,599,592
572,-599,-602,-593,-593,-602,-595,-608,-597
573,-609,-597,-597,-596,-607,-599,-609,-592
574,-597,-604,-592,-603,-599,-596,-596,-606
575,-603,-599,-601,-606,-599,-609,-604,-597
576,-607,-595,-602,-591,-607,-609,-603,-608
577,-601,-605,-592,-600,-591,-606,-608,-607
578,-596,-605,-598,-602,-605,-602,-598,-596
579,-591,-601,-600,-594,-604,-596,-600,-599
580,600,601,596,607,592,602,594,595
581,597,592,601,601,599,604,592,598
582,606,593,598,595,605,592,597,609
583,606,596,597,592,598,606,593,599
584,606,591,609,595,591,597,600,597
585,608,598,594,602,596,609,606,605
586,596,600,600,607,595,600,605,594
587,593,607,597,602,593,609,600,596
588,-602,-601,-603,-604,-605,-596,-593,-602
589,-603,-598,-603,-596,-606,-605,-598,-593
590,-603,-593,-597,-593,-605,-603,-596,-592
591,-606,-602,-601,-596,-602,-604,-594,-605
592,-601,-595,-602,-602,-602,-601,-592,-608
593,-600,-609,-598,-605,-602,-605,-597,-592
594,-591,-594,-596,-599,-608,-592,-595,-600
595,-591,-602,-604,-603,-597,-598,-601,-609
596,591,609,603,592,609,596,604,594
597,596,599,599,595,606,593,599,598
598,592,608,609,606,606,607,602,604
599,606,594,592,606,604,602,592,597
600,609,606,592,591,606,595,609,602
601,609,608,598,605,601,608,602,609
602,604,594,595,603,597,598,601,597
603,591,603,592,592,607,604,601,605
604,-602,-609,-607,-608,-598,-599,-593,-598
605,-601,-597,-599,-600,-603,-603,-596,-598
606,-601,-604,-595,-598,-599,-603,-608,-591
607,-591,-599,-594,-608,-601,-594,-604,-608
608,-593,-596,-596,-592,-608,-600,-598,-593
609,-603,-607,-609,-600,-599,-592,-599,-594
610,-596,-598,-591,-597,-593,-600,-597,-592
611,-603,-600,-601,-608,-597,-604,-598,-602
612,606,591,608,592,592,602,599,607
613,608,602,608,605,605,603,599,604
614,593,601,605,603,605,603,606,608
615,607,603,593,604,596,608,604,609
616,594,606,608,594,601,603,604,592
617,607,596,608,597,600,597,609,609
618,593,608,593,602,593,606,600,605
619,602,604,597,595,593,609,597,598
620,-601,-591,-608,-608,-599,-595,-601,-601
621,-607,-593,-602,-599,-599,-593,-592,-606
622,-609,-593,-592,-591,-603,-591,-609,-603
623,-591,-605,-607,-605,-600,-594,-600,-607
624,-592,-595,-599,-595,-593,-591,-608,-597
625,-608,-604,-603,-608,-609,-605,-591,-593
626,-597,-592,-601,-595,-607,-595,-595,-598
627,-596,-597,-598,-597,-609,-598,-596,-593
628,605,600,602,598,605,609,605,605
629,598,609,598,596,601,596,597,605
630,597,603,593,593,605,604,600,596
631,609,602,593,598,595,609,592,608
632,609,606,604,608,595,591,598,596
633,592,595,594,593,604,608,594,594
634,602,603,595,604,606,604,598,593
635,594,602,598,604,609,609,602,593
636,-595,-595,-608,-606,-602,-608,-605,-601
637,-599,-591,-604,-591,-608,-606,-594,-602
638,-594,-592,-600,-597,-608,-593,-591,-609
639,-594,-603,-596,-600,-604,-607,-594,-604
640,-600,-608,-608,-607,-595,-604,-604,-605
641,-599,-599,-598,-601,-602,-605,-606,-606
642,-593,-608,-607,-605,-596,-598,-599,-592
643,-602,-608,-596,-603,-606,-595,-594,-608
644,592,607,602,595,597,600,602,598
645,593,595,597,601,605,604,604,596
646,593,601,605,602,609,603,599,593
647,598,608,597,593,609,602,602,605
648,595,596,596,599,594,606,609,604
649,592,600,603,602,606,603,599,591
650,607,598,608,604,595,603,604,599
651,591,607,594,605,600,595,598,594
652,-599,-606,-604,-605,-607,-598,-599,-608
653,-600,-603,-596,-599,-594,-604,-591,-598
654,-606,-608,-593,-603,-591,-592,-607,-596
655,-600,-595,-607,-601,-605,-604,-591,-607
656,-594,-595,-593,-593,-601,-605,-605,-607
657,-593,-591,-591,-602,-604,-605,-602,-594
658,-609,-602,-602,-601,-595,-597,-593,-594
659,-603,-597,-609,-595,-592,-592,-597,-599
660,603,609,605,606,600,609,609,595
661,609,593,594,598,597,602,599,604
662,594,601,604,593,608,598,600,593
663,593,600,598,601,608,597,597,592
664,600,598,601,609,605,605,599,594
665,603,599,599,607,604,602,591,595
666,596,605,607,609,601,596,609,591
667,606,592,597,604,593,608,606,600
668,-596,-602,-592,-607,-601,-607,-596,-600
669,-595,-596,-601,-595,-596,-605,-592,-592
670,-606,-597,-596,-601,-593,-595,-604,-603
671,-604,-596,-609,-608,-601,-607,-602,-605
672,-601,-597,-602,-599,-592,-599,-605,-594
673,-594,-604,-593,-603,-592,-604,-593,-593
674,-599,-594,-592,-595,-594,-606,-593,-597
675,-606,-591,-600,-593,-597,-592,-597,-592
676,591,608,602,603,595,606,594,593
677,591,592,598,595,607,597,599,599
678,601,596,596,598,599,595,606,608
679,606,595,607,596,600,597,604,599
680,591,602,597,591,596,609,606,607
681,596,606,603,604,603,592,593,595
682,608,592,605,607,596,607,609,607
683,606,599,593,606,609,601,595,609
684,-601,-599,-606,-608,-609,-602,-602,-605
685,-594,-594,-605,-596,-603,-603,-598,-608
686,-593,-604,-602,-591,-605,-591,-598,-591
687,-600,-601,-597,-597,-597,-606,-607,-606
688,-605,-599,-599,-596,-606,-609,-604,-607
689,-599,-605,-608,-601,-605,-596,-600,-608
690,-607,-603,-601,-605,-603,-601,-603,-595
691,-605,-599,-595,-591,-601,-597,-606,-602
692,605,607,603,603,595,593,595,595
693,599,599,598,595,608,608,596,601
694,609,592,595,605,598,592,594,607
695,598,597,598,596,593,606,605,593
696,609,598,594,606,593,595,604,602
697,592,597,598,602,595,593,597,605
698,606,603,609,605,602,609,601,603
699,603,601,600,598,605,603,592,594
700,-597,-595,-592,-592,-593,-606,-599,-595
701,-607,-596,-605,-600,-591,-591,-592,-600
702,-598,-591,-604,-591,-604,-606,-592,-605
703,-595,-600,-597,-594,-597,-604,-598,-605
704,-608,-598,-599,-593,-592,-608,-596,-592
705,-599,-606,-596,-600,-600,-599,-593,-593
706,-600,-604,-604,-605,-605,-596,-607,-607
707,-607,-597,-602,-609,-595,-598,-609,-605
708,598,609,593,597,600,597,599,604
709,597,596,603,593,599,591,607,606
710,593,601,595,609,608,607,599,596
711,600,598,608,600,608,602,608,591
712,602,608,602,601,602,596,593,601
713,607,598,599,603,598,605,595,595
714,597,599,601,604,597,601,594,591
715,603,596,598,598,602,605,592,604
716,-593,-593,-603,-605,-591,-598,-599,-592
717,-594,-601,-606,-604,-593,-600,-595,-598
718,-607,-603,-608,-594,-606,-604,-609,-607
719,-602,-601,-604,-600,-606,-591,-593,-604
720,-593,-604,-599,-605,-594,-600,-607,-597
721,-605,-593,-599,-592,-598,-607,-606,-591
722,-609,-598,-600,-607,-604,-592,-602,-595
723,-594,-600,-596,-604,-597,-591,-593,-603
724,606,604,607,595,604,601,599,592
725,607,597,608,605,597,591,599,602
726,605,604,603,604,601,607,605,600
727,599,596,598,601,596,595,595,598
728,599,609,606,599,592,602,592,601
729,605,598,602,597,604,609,604,592
730,601,593,600,598,597,607,591,603
731,599,607,605,605,608,591,609,606
732,-591,-597,-604,-593,-596,-602,-597,-606
733,-609,-595,-599,-593,-598,-605,-609,-607
734,-607,-609,-601,-593,-595,-598,-608,-603
735,-597,-600,-600,-603,-597,-595,-603,-598
736,-594,-608,-595,-609,-606,-596,-592,-606
737,-601,-609,-596,-593,-606,-600,-596,-594
738,-601,-604,-601,-604,-609,-603,-598,-597
739,-598,-604,-604,-608,-592,-598,-600,-597
740,608,607,592,595,607,601,608,606
741,593,591,603,601,595,602,601,604
742,608,594,594,591,593,604,602,594
743,607,595,605,592,603,607,593,593
744,604,591,603,591,607,595,594,592
745,595,598,596,592,599,606,603,591
746,594,603,594,607,593,607,601,601
747,603,607,601,593,593,603,600,598
748,-606,-591,-591,-596,-596,-609,-605,-608
749,-605,-596,-595,-597,-601,-599,-591,-594
750,591,591,599,594,607,591,608,600
751,607,595,608,596,594,606,592,592
752,593,599,604,599,598,606,597,597
753,609,604,596,599,606,603,603,593
754,593,603,593,605,609,595,595,593
755,593,602,605,597,602,591,602,592
756,601,608,596,607,609,605,594,592
757,596,597,609,596,591,605,593,594
758,609,602,600,602,606,596,606,603
759,604,593,596,591,599,598,603,600
760,609,595,597,600,603,603,599,609
761,592,599,596,591,594,596,597,606
762,608,597,609,594,594,606,602,604
763,-605,-594,-609,-601,-597,-600,-596,-596
764,-602,-592,-592,-598,-603,-592,-592,-595
765,-599,-609,-604,-607,-597,-594,-594,-595
766,-606,-604,-601,-607,-603,-600,-603,-604
767,-603,-593,-607,-591,-606,-603,-600,-597
768,-596,-593,-592,-609,-595,-605,-595,-598
769,-598,-591,-608,-601,-608,-604,-604,-603
770,-601,-597,-598,-605,-604,-599,-594,-593
771,-609,-603,-602,-596,-600,-608,-604,-606
772,-591,-596,-609,-609,-602,-598,-593,-596
773,-594,-608,-597,-601,-591,-593,-602,-601
774,-597,-591,-597,-600,-601,-599,-606,-598
775,-591,-599,-598,-609,-608,-591,-605,-608
776,605,592,598,592,599,596,594,592
777,599,602,604,596,607,605,603,601
778,594,600,601,597,604,609,603,605
779,594,609,606,603,602,598,604,597
780,606,603,597,593,596,600,591,598
781,593,605,595,605,600,597,606,604
782,609,606,605,598,591,596,607,604
783,591,596,605,597,598,594,597,601
784,605,600,602,609,603,605,606,606
785,606,601,594,597,601,592,600,601
786,606,596,595,599,606,601,593,594
787,608,598,606,599,591,596,602,601
788,604,591,606,607,599,607,609,601
789,-607,-592,-607,-594,-603,-592,-592,-598
790,-597,-592,-603,-608,-599,-601,-599,-597
791,-592,-596,-604,-603,-597,-601,-592,-601
792,-604,-609,-603,-604,-598,-605,-596,-593
793,-601,-604,-609,-597,-602,-599,-600,-597
794,-597,-595,-591,-608,-593,-604,-593,-608
795,-595,-599,-606,-608,-602,-593,-599,-606
796,-597,-603,-602,-607,-593,-599,-599,-594
797,-608,-591,-596,-591,-599,-606,-606,-608
798,-607,-592,-594,-596,-595,-603,-604,-595
799,-605,-602,-595,-609,-598,-606,-597,-609
800,-600,-607,-604,-600,-602,-600,-594,-594
801,-602,-606,-596,-599,-593,-602,-593,-607
802,608,594,591,598,604,600,591,592
803,599,609,596,607,608,600,609,599
804,609,597,607,603,593,603,600,592
805,605,602,607,600,598,596,596,591
806,604,592,595,598,596,595,598,594
807,607,600,603,596,608,591,593,594
808,599,601,598,597,605,608,597,594
809,595,607,609,608,604,604,605,600
810,598,599,595,605,606,591,598,609
811,596,599,592,603,605,599,596,594
812,606,592,596,606,605,600,606,600
813,601,598,606,608,598,603,594,608
814,591,601,608,599,604,608,605,592
815,-592,-595,-602,-591,-599,-599,-593,-603
816,-607,-598,-594,-607,-603,-606,-595,-595
817,-594,-599,-601,-605,-592,-605,-598,-593
818,-594,-603,-609,-594,-606,-597,-591,-599
819,-605,-597,-595,-592,-591,-605,-607,-601
820,-597,-594,-603,-599,-594,-596,-608,-607
821,-601,-593,-604,-591,-609,-591,-602,-594
822,-593,-601,-602,-607,-606,-606,-593,-600
823,-601,-594,-591,-594,-597,-599,-598,-593
824,-601,-594,-596,-601,-591,-607,-608,-593
825,-592,-602,-609,-599,-602,-605,-596,-593
826,-607,-599,-596,-595,-595,-595,-596,-601
827,-608,-593,-607,-603,-600,-591,-609,-599
828,600,598,595,598,603,599,593,596
829,597,605,603,591,609,606,591,597
830,604,604,593,596,592,609,599,591
831,604,608,596,606,597,599,591,604
832,595,591,592,605,593,602,596,606
833,601,605,594,600,609,596,609,606
834,595,604,595,592,598,609,599,602
835,608,609,607,601,608,591,599,599
836,596,595,593,599,600,606,604,601
837,591,605,594,597,607,591,593,598
838,594,609,600,597,604,601,593,608
839,596,595,594,607,602,607,598,592
840,594,602,594,606,601,609,608,592
841,-591,-604,-604,-591,-602,-600,-605,-600
842,-605,-609,-601,-607,-606,-607,-591,-600
843,-608,-608,-592,-608,-603,-591,-607,-605
844,-592,-602,-595,-608,-593,-600,-600,-609
845,-592,-601,-596,-601,-599,-597,-604,-595
846,-605,-596,-607,-604,-603,-608,-600,-598
847,-592,-607,-602,-594,-596,-602,-593,-608
848,-597,-599,-605,-592,-594,-593,-608,-607
849,-602,-606,-603,-607,-604,-592,-593,-602
850,-593,-598,-602,-599,-600,-596,-604,-599
851,-607,-593,-606,-602,-606,-609,-609,-609
852,-607,-595,-595,-599,-606,-608,-596,-594
853,-591,-603,-603,-608,-594,-595,-608,-600
854,591,603,595,598,592,596,597,593
855,591,596,595,592,594,600,595,592
856,607,592,603,609,600,594,606,609
857,601,602,607,597,608,600,601,593
858,605,594,599,601,602,604,597,599
859,608,602,605,594,598,596,604,593
860,596,595,604,598,605,605,601,607
861,592,594,592,602,591,601,595,595
862,603,600,596,600,597,594,598,599
863,594,608,596,609,599,608,600,591
864,609,597,600,606,598,598,605,601
865,606,601,604,608,593,593,607,597
866,599,597,600,608,591,593,603,605
867,-606,-606,-603,-602,-593,-601,-598,-607
868,-609,-599,-595,-602,-593,-598,-608,-595
869,-596,-603,-606,-604,-594,-599,-607,-599
870,-601,-594,-597,-603,-601,-597,-591,-601
871,-604,-593,-602,-602,-600,-591,-605,-595
872,-596,-596,-609,-594,-606,-599,-607,-596
873,-595,-596,-599,-608,-604,-592,-598,-593
874,-608,-597,-608,-602,-593,-607,-591,-591
875,-592,-609,-605,-592,-602,-595,-607,-600
876,-606,-602,-604,-599,-603,-591,-604,-591
877,-598,-596,-606,-591,-603,-600,-602,-599
878,-603,-608,-604,-592,-598,-599,-591,-605
879,-607,-593,-604,-593,-598,-599,-604,-595
880,598,594,592,609,594,596,597,595
881,602,602,598,603,598,602,594,605
882,591,595,608,608,606,594,597,594
883,591,600,596,594,598,593,595,609
884,607,604,609,594,608,606,599,595
885,592,606,600,599,605,598,601,596
886,600,598,605,607,603,608,607,607
887,598,595,596,593,596,593,605,598
888,608,609,599,594,608,600,606,606
889,592,591,599,597,604,593,602,592
890,608,593,604,598,593,609,591,598
891,591,595,609,608,593,602,606,601
892,599,597,604,599,602,602,604,594
893,-597,-608,-600,-609,-595,-606,-609,-608
894,-609,-608,-606,-591,-591,-601,-596,-604
895,-596,-593,-591,-594,-591,-601,-591,-592
896,-607,-599,-594,-598,-593,-597,-607,-609
897,-599,-596,-606,-607,-596,-596,-608,-602
898,-597,-598,-609,-592,-609,-601,-593,-606
899,-591,-602,-604,-602,-600,-592,-603,-594
900,-593,-602,-604,-601,-597,-594,-594,-602
901,-606,-600,-608,-597,-598,-603,-599,-607
902,-605,-602,-598,-603,-599,-609,-594,-602
903,-604,-592,-606,-593,-603,-594,-599,-593
904,-608,-603,-607,-604,-602,-594,-593,-608
905,-591,-598,-603,-605,-607,-594,-601,-599
906,597,607,604,601,608,600,609,604
907,607,605,595,606,603,603,594,608
908,603,595,593,595,595,592,599,603
909,591,597,599,594,594,609,604,608
910,598,606,609,603,602,606,592,609
911,608,593,603,605,596,593,609,604
912,592,596,595,608,593,602,599,592
913,600,602,607,593,609,593,599,603
914,604,598,600,602,594,601,591,592
915,609,598,609,596,609,597,609,608
916,608,605,601,605,599,591,600,604
917,600,599,591,604,602,598,604,606
918,591,599,607,600,609,595,603,604
919,-604,-600,-596,-592,-596,-599,-609,-607
920,-609,-604,-598,-609,-604,-592,-598,-609
921,-605,-600,-597,-593,-607,-591,-602,-609
922,-596,-593,-595,-598,-608,-597,-604,-592
923,-595,-599,-597,-593,-595,-595,-598,-594
924,-609,-593,-595,-606,-592,-600,-594,-599
925,-606,-605,-600,-592,-599,-593,-597,-594
926,-593,-598,-596,-609,-609,-592,-598,-605
927,-609,-605,-592,-603,-603,-607,-609,-602
928,-595,-600,-599,-607,-597,-605,-598,-599
929,-593,-609,-593,-601,-601,-593,-593,-604
930,-599,-598,-596,-609,-601,-608,-591,-593
931,-603,-608,-604,-606,-605,-592,-593,-606
932,595,596,596,596,608,608,606,604
933,594,598,599,592,597,601,608,599
934,602,607,595,591,605,593,601,599
935,597,594,593,608,594,607,608,598
936,597,609,598,608,602,608,591,606
937,597,599,607,598,603,596,597,608
938,598,599,601,608,605,604,600,604
939,597,599,600,598,594,599,600,600
940,605,598,606,599,609,596,600,591
941,595,606,598,591,593,601,593,594
942,606,592,592,593,598,591,598,599
943,597,598,598,606,594,609,607,601
944,592,591,596,605,605,609,596,602
945,-594,-603,-591,-593,-608,-604,-599,-609
946,-598,-593,-609,-605,-603,-591,-599,-593
947,-609,-603,-594,-603,-609,-606,-601,-606
948,-596,-595,-609,-592,-607,-599,-601,-599
949,-597,-596,-607,-606,-602,-593,-601,-608
950,-603,-604,-595,-604,-608,-609,-604,-598
951,-608,-593,-602,-607,-600,-598,-604,-592
952,-599,-593,-596,-606,-597,-592,-595,-598
953,-608,-600,-602,-592,-598,-594,-606,-604
954,-594,-605,-607,-606,-594,-592,-602,-609
955,-599,-596,-596,-609,-609,-599,-598,-599
956,-595,-598,-594,-592,-602,-605,-607,-598
957,-603,-594,-604,-598,-600,-608,-603,-601
958,596,607,599,603,601,592,609,595
959,594,600,591,600,608,606,601,605
960,608,603,609,591,593,608,599,605
961,593,609,596,594,605,598,605,609
962,595,600,593,608,604,600,601,605
963,597,592,607,598,605,596,599,600
964,607,591,609,607,604,598,603,598
965,605,606,600,607,604,597,600,606
966,609,604,593,597,593,593,598,601
967,606,593,599,594,605,596,601,596
968,595,599,598,597,600,597,600,595
969,608,598,591,601,608,607,606,595
970,603,607,594,593,605,595,593,608
971,-596,-599,-592,-603,-596,-604,-603,-599
972,-599,-603,-598,-607,-605,-608,-596,-595
973,-604,-604,-598,-607,-605,-608,-599,-603
974,-597,-597,-594,-597,-609,-603,-607,-591
975,-594,-607,-608,-603,-591,-599,-594,-598
976,-600,-593,-607,-607,-595,-606,-608,-600
977,-604,-591,-598,-600,-595,-605,-602,-606
978,-594,-607,-602,-601,-609,-592,-594,-599
979,-592,-600,-596,-591,-605,-595,-592,-602
980,-598,-606,-597,-603,-596,-593,-600,-608
981,-598,-608,-609,-593,-593,-591,-597,-602
982,-606,-595,-596,-599,-602,-595,-597,-605
983,-606,-606,-605,-596,-602,-595,-601,-608
984,608,600,609,602,599,609,607,607
985,603,600,601,605,594,593,600,600
986,603,597,592,599,599,608,607,591
987,599,607,604,597,603,606,592,598
988,591,598,604,609,593,596,607,603
989,601,596,593,592,596,596,609,596
990,609,604,608,600,596,592,604,609
991,595,600,600,596,599,603,605,597
992,597,606,596,602,591,607,594,609
993,592,604,591,609,591,593,591,605
994,598,605,600,601,594,594,600,601
995,598,594,596,604,594,593,596,599
996,593,592,608,594,599,592,595,592
997,-597,-592,-594,-603,-607,-594,-600,-599
998,-596,-595,-606,-598,-602,-606,-592,-609
999,-594,-592,-609,-597,-594,-599,-609,-599
1000,600,607,597,607,594,595,607,603
1001,599,595,598,591,597,603,593,600
1002,-606,-604,-600,-600,-603,-592,-601,-603
1003,-602,-599,-596,-604,-604,-597,-592,-609
1004,592,595,591,609,599,602,602,606
1005,602,601,596,594,608,597,607,591
1006,-604,-596,-601,-599,-599,-599,-593,-599
1007,-602,-600,-592,-597,-595,-597,-595,-606
1008,591,609,609,597,595,598,598,591
1009,596,596,603,604,599,605,601,599
1010,-596,-609,-594,-592,-591,-599,-602,-601
1011,-602,-603,-593,-606,-609,-605,-598,-605
1012,597,600,603,596,608,599,601,608
1013,604,604,609,598,605,607,608,598
1014,-592,-597,-592,-605,-604,-604,-597,-605
1015,-603,-599,-607,-597,-607,-600,-596,-598
1016,594,597,603,596,604,595,606,599
1017,598,603,591,605,602,605,602,609
1018,-604,-609,-594,-603,-597,-607,-591,-593
1019,-606,-600,-593,-607,-596,-597,-605,-609
1020,608,591,598,603,594,593,608,604
1021,601,606,601,596,591,609,599,609
1022,-603,-598,-602,-593,-591,-596,-602,-596
1023,-598,-603,-592,-609,-603,-595,-599,-608
1024,605,593,598,607,592,601,598,600
1025,605,598,609,606,609,594,607,603
1026,-607,-605,-602,-592,-592,-604,-609,-593
1027,-599,-593,-608,-602,-593,-598,-604,-597
1028,605,602,604,607,600,605,599,592
1029,608,594,596,606,597,600,606,609
1030,-599,-607,-598,-594,-598,-602,-609,-606
1031,-596,-603,-607,-597,-608,-607,-605,-600
1032,594,592,593,593,591,598,597,598
1033,603,606,607,605,602,606,600,591
1034,-609,-593,-596,-603,-599,-593,-591,-598
1035,-601,-592,-607,-606,-597,-609,-607,-598
1036,605,595,597,608,597,603,599,600
1037,601,605,591,606,601,594,609,607
1038,-594,-596,-600,-607,-602,-600,-607,-607
1039,-607,-604,-594,-596,-598,-594,-605,-598
1040,605,593,592,604,601,592,593,601
1041,608,599,604,605,594,604,595,606
1042,-609,-609,-599,-598,-599,-597,-606,-600
1043,-600,-603,-593,-604,-607,-595,-602,-591
1044,609,594,602,599,600,599,607,598
1045,592,592,607,598,599,591,599,604
1046,-591,-607,-604,-596,-600,-608,-606,-605
1047,-592,-600,-591,-604,-608,-604,-597,-607
1048,598,607,609,601,600,600,593,603
1049,597,605,604,594,608,600,604,604
1050,-601,-595,-605,-599,-593,-596,-592,-599
1051,-594,-602,-595,-602,-605,-592,-591,-602
1052,606,603,598,596,602,602,594,604
1053,598,594,606,595,592,609,597,606
1054,-601,-609,-595,-602,-597,-594,-605,-607
1055,-597,-599,-606,-603,-591,-591,-606,-597
1056,595,605,607,605,597,599,609,603
1057,608,606,597,597,597,598,607,609
1058,-607,-596,-609,-597,-609,-604,-596,-603
1059,-593,-591,-600,-594,-599,-593,-603,-595
1060,594,592,607,595,602,602,600,591
1061,609,605,593,602,604,600,591,604
1062,-605,-591,-591,-598,-600,-598,-598,-609
1063,-605,-592,-598,-594,-592,-600,-602,-608
1064,591,607,591,599,599,609,600,592
1065,608,608,603,593,606,600,606,599
1066,-592,-596,-602,-591,-601,-592,-591,-596
1067,-598,-594,-596,-602,-599,-599,-593,-592
1068,596,599,605,609,609,592,599,600
1069,607,592,591,597,607,604,599,607
1070,-598,-600,-599,-609,-598,-604,-593,-596
1071,-601,-603,-597,-593,-593,-601,-607,-600
1072,592,600,609,595,599,598,607,597
1073,601,608,609,597,591,601,597,595
1074,-600,-592,-594,-594,-600,-608,-608,-602
1075,-604,-597,-592,-592,-592,-607,-606,-604
1076,608,598,604,599,606,603,609,606
1077,592,609,595,607,591,608,593,591
1078,-596,-591,-596,-605,-601,-592,-607,-599
1079,-597,-594,-597,-599,-603,-604,-606,-604
1080,596,601,606,591,601,608,605,606
1081,601,603,600,604,607,600,598,603
1082,-606,-609,-605,-609,-607,-601,-598,-602
1083,-608,-608,-598,-601,-597,-608,-606,-594
1084,605,605,596,600,593,594,595,597
1085,593,601,599,595,594,598,607,593
1086,-603,-601,-605,-608,-608,-606,-594,-593
1087,-594,-605,-606,-599,-602,-595,-606,-596
1088,606,600,608,609,607,604,606,605
1089,596,606,598,607,600,601,601,597
1090,-600,-597,-604,-595,-606,-591,-601,-591
1091,-608,-604,-595,-605,-591,-602,-603,-595
1092,605,609,609,602,600,598,609,608
1093,594,599,602,597,609,609,597,592
1094,-594,-601,-606,-604,-594,-604,-605,-600
1095,-607,-608,-596,-601,-608,-600,-608,-597
1096,592,592,601,593,606,599,601,604
1097,597,591,597,598,597,594,603,605
1098,-598,-603,-601,-596,-595,-599,-597,-604
1099,-605,-602,-596,-606,-603,-596,-609,-604
1100,599,598,594,605,592,597,594,592
1101,596,596,607,598,602,592,600,597
1102,-596,-606,-600,-605,-605,-595,-598,-592
1103,-596,-601,-609,-602,-597,-608,-596,-593
1104,604,595,595,594,609,593,593,592
1105,608,607,591,598,604,592,605,591
1106,-606,-593,-594,-593,-605,-598,-604,-595
1107,-606,-608,-604,-602,-594,-606,-599,-607
1108,595,602,607,602,596,608,599,594
1109,605,608,597,593,594,591,601,596
1110,-605,-609,-608,-594,-594,-597,-602,-606
1111,-604,-591,-608,-607,-598,-597,-600,-608
1112,602,601,592,597,608,603,595,595
1113,605,599,609,596,600,595,607,600
1114,-605,-604,-602,-595,-606,-600,-598,-596
1115,-596,-597,-604,-605,-609,-598,-601,-598
1116,594,606,609,596,606,603,596,601
1117,600,598,604,608,592,605,602,595
1118,-601,-603,-596,-599,-604,-591,-609,-605
1119,-607,-599,-607,-597,-596,-598,-607,-599
1120,608,594,599,605,605,593,606,599
1121,595,600,603,604,601,600,607,598
1122,-598,-599,-595,-606,-594,-593,-601,-602
1123,-605,-604,-595,-597,-593,-597,-593,-591
1124,595,599,602,596,595,609,592,592
1125,596,592,595,591,601,605,597,592
1126,-609,-609,-601,-606,-604,-598,-601,-598
1127,-595,-603,-603,-593,-591,-592,-606,-600
1128,592,600,602,594,607,609,592,608
1129,596,609,606,607,602,597,595,602
1130,-607,-593,-595,-606,-605,-599,-598,-597
1131,-601,-595,-597,-599,-607,-591,-606,-609
1132,595,594,600,596,604,595,607,595
1133,607,595,605,596,600,599,604,608
1134,-605,-592,-605,-596,-596,-602,-605,-595
1135,-603,-595,-607,-604,-597,-606,-600,-603
1136,604,593,605,595,601,593,600,598
1137,592,605,592,608,609,593,592,594
1138,-594,-609,-594,-608,-607,-596,-608,-605
1139,-599,-601,-600,-603,-593,-596,-609,-600
1140,609,609,597,601,603,597,594,599
1141,601,591,598,606,597,594,608,600
1142,-605,-595,-591,-608,-596,-608,-593,-595
1143,-593,-601,-594,-591,-604,-600,-606,-607
1144,598,597,597,594,597,600,599,601
1145,604,603,597,608,601,594,591,600
1146,-597,-596,-592,-602,-595,-603,-607,-607
1147,-608,-604,-608,-595,-602,-591,-591,-595
1148,593,609,603,596,592,594,595,603
1149,595,607,606,602,593,594,605,599
1150,-607,-593,-595,-607,-609,-591,-608,-593
1151,-597,-597,-604,-598,-598,-597,-592,-594
1152,602,608,591,606,604,601,607,604
1153,607,604,598,594,607,591,603,606
1154,-593,-605,-603,-592,-597,-608,-591,-592
1155,-595,-607,-608,-608,-592,-594,-607,-603
1156,597,609,596,608,601,606,592,599
1157,591,599,602,596,606,609,595,603
1158,-592,-606,-603,-592,-598,-603,-594,-591
1159,-605,-606,-602,-602,-591,-592,-598,-592
1160,592,602,599,601,597,591,609,597
1161,606,601,609,595,609,599,593,596
1162,-599,-607,-605,-602,-592,-601,-609,-607
1163,-592,-595,-594,-594,-598,-600,-599,-608
1164,605,603,596,600,608,608,598,596
1165,591,591,596,597,608,596,596,608
1166,-593,-593,-597,-607,-602,-597,-603,-593
1167,-596,-595,-599,-593,-591,-593,-595,-605
1168,606,591,599,604,601,594,601,608
1169,605,592,604,595,594,600,594,597
1170,-607,-606,-596,-595,-592,-599,-591,-594
1171,-594,-599,-607,-601,-607,-606,-599,-596
1172,607,596,603,596,602,599,592,608
1173,600,599,609,601,601,600,606,596
1174,-607,-591,-598,-596,-600,-597,-607,-592
1175,-607,-608,-602,-595,-601,-603,-594,-601
1176,604,592,593,600,601,596,609,605
1177,605,592,600,608,605,606,599,597
1178,-593,-595,-602,-605,-605,-607,-595,-591
1179,-598,-601,-600,-603,-600,-609,-597,-605
1180,597,604,602,593,602,595,603,609
1181,604,599,603,596,599,606,595,598
1182,-594,-606,-604,-607,-603,-609,-599,-595
1183,-607,-603,-593,-596,-600,-596,-595,-600
1184,608,595,601,605,599,599,601,600
1185,601,608,606,608,594,602,607,601
1186,-597,-600,-592,-604,-608,-595,-599,-593
1187,-609,-604,-598,-595,-592,-603,-609,-599
1188,593,604,596,600,600,604,594,591
1189,593,604,602,605,600,605,608,606
1190,-592,-608,-595,-594,-599,-597,-592,-598
1191,-605,-596,-595,-603,-594,-604,-599,-598
1192,600,595,602,595,609,598,599,603
1193,597,608,591,599,594,603,595,599
1194,-604,-598,-595,-604,-599,-597,-594,-603
1195,-608,-599,-602,-598,-606,-608,-596,-607
1196,592,596,599,598,593,601,597,601
1197,599,600,597,607,596,605,606,609
1198,-609,-594,-603,-607,-609,-609,-594,-599
1199,-605,-598,-600,-595,-591,-597,-609,-593
1200,599,604,594,601,598,599,600,609
1201,591,609,593,603,599,597,596,606
1202,-600,-606,-609,-599,-597,-604,-599,-607
1203,-609,-605,-608,-597,-609,-601,-591,-608
1204,603,604,604,599,595,591,591,602
1205,597,603,596,591,595,593,599,609
1206,-597,-594,-593,-591,-592,-605,-596,-603
1207,-594,-597,-595,-595,-594,-604,-592,-591
1208,609,601,598,596,602,606,604,600
1209,591,594,591,608,600,609,591,597
1210,-605,-598,-596,-598,-609,-597,-596,-599
1211,-603,-604,-601,-598,-608,-593,-608,-609
1212,607,594,597,600,600,609,605,600
1213,591,602,606,608,604,606,602,592
1214,-599,-608,-600,-606,-591,-598,-597,-605
1215,-604,-601,-595,-597,-601,-592,-592,-605
1216,602,595,595,602,598,596,598,600
1217,597,602,606,595,601,592,591,608
1218,-596,-600,-596,-592,-600,-608,-601,-599
1219,-595,-592,-593,-602,-599,-609,-607,-599
1220,603,599,606,603,600,606,596,593
1221,609,597,606,593,597,596,609,594
1222,-602,-606,-598,-593,-594,-609,-591,-601
1223,-606,-601,-597,-597,-599,-593,-604,-600
1224,604,594,603,607,593,602,605,606
1225,608,601,595,606,609,599,605,592
1226,-602,-595,-605,-599,-606,-596,-599,-604
1227,-597,-605,-604,-592,-592,-599,-593,-594
1228,595,607,594,596,598,608,608,603
1229,595,606,606,594,609,603,594,605
1230,-595,-598,-594,-603,-603,-603,-599,-607
1231,-604,-608,-599,-591,-602,-603,-593,-593
1232,596,603,601,605,599,598,595,601
1233,596,595,602,593,599,606,609,608
1234,-603,-607,-609,-601,-595,-596,-602,-600
1235,-605,-598,-592,-604,-592,-604,-605,-599
1236,604,604,605,597,602,601,608,593
1237,593,600,602,594,592,608,598,607
1238,-606,-601,-603,-593,-596,-598,-593,-604
1239,-591,-597,-595,-597,-607,-606,-608,-602
1240,595,608,609,594,595,601,601,592
1241,594,599,593,595,607,599,609,599
1242,-600,-609,-608,-594,-606,-595,-593,-606
1243,-603,-604,-606,-593,-600,-603,-607,-595
1244,605,600,593,603,606,607,593,607
1245,601,600,606,606,597,609,605,599
1246,-602,-596,-591,-604,-591,-600,-597,-605
1247,-606,-608,-593,-596,-606,-601,-598,-603
1248,604,605,603,602,608,601,597,603
1249,603,608,596,599,604,595,591,608
1250,605,604,609,606,609,606,607,602
1251,598,600,606,596,595,598,597,597
1252,597,597,605,604,608,596,602,592
1253,-604,-600,-595,-603,-602,-609,-604,-595
1254,-608,-604,-595,-609,-607,-598,-599,-606
1255,-594,-606,-603,-609,-598,-601,-609,-592
1256,599,608,594,599,595,605,599,593
1257,596,608,606,603,592,609,602,600
1258,602,598,601,593,601,598,593,608
1259,-609,-603,-608,-602,-605,-602,-598,-601
1260,-597,-605,-602,-594,-595,-593,-596,-598
1261,-595,-608,-598,-598,-608,-607,-598,-605
1262,606,591,597,605,598,604,599,595
1263,596,597,602,593,596,592,607,595
1264,605,591,592,603,593,600,597,596
1265,-592,-609,-597,-597,-598,-609,-601,-591
1266,-596,-599,-592,-608,-604,-591,-609,-605
1267,-606,-600,-606,-597,-605,-606,-593,-594
1268,599,599,597,596,605,600,603,606
1269,602,592,605,591,594,609,601,602
1270,599,597,608,598,608,608,606,599
1271,-603,-605,-597,-608,-595,-600,-593,-597
1272,-599,-597,-607,-606,-600,-597,-602,-594
1273,-603,-596,-602,-593,-599,-596,-599,-597
1274,598,594,598,594,599,595,606,594
1275,591,608,608,593,607,595,591,599
1276,599,594,594,609,608,598,609,604
1277,-609,-598,-598,-591,-608,-607,-598,-606
1278,-608,-599,-598,-595,-595,-599,-608,-601
1279,-599,-595,-608,-593,-601,-595,-596,-607
1280,603,602,591,593,599,604,595,609
1281,601,603,606,601,598,601,593,600
1282,601,602,595,608,601,593,604,591
1283,-598,-600,-591,-602,-603,-599,-593,-599
1284,-605,-593,-596,-604,-600,-598,-602,-600
1285,-600,-591,-596,-596,-602,-601,-595,-600
1286,591,595,593,609,595,594,594,605
1287,600,598,591,592,597,594,603,594
1288,599,602,604,608,597,591,592,602
1289,-594,-606,-591,-604,-599,-609,-609,-603
1290,-604,-609,-604,-609,-596,-593,-595,-592
1291,-598,-591,-591,-603,-594,-602,-607,-597
1292,591,594,597,609,609,594,608,597
1293,599,593,602,592,596,603,603,604
1294,595,608,593,591,608,609,604,607
1295,-604,-599,-599,-599,-608,-603,-599,-598
1296,-598,-591,-609,-599,-600,-592,-609,-600
1297,-597,-600,-593,-605,-597,-600,-591,-598
1298,603,601,596,592,602,601,604,609
1299,602,604,599,605,597,609,605,606
1300,608,598,604,602,599,604,606,609
1301,-607,-605,-596,-606,-592,-607,-594,-606
1302,-593,-591,-594,-600,-598,-597,-607,-601
1303,-604,-599,-603,-603,-607,-609,-594,-608
1304,597,608,605,595,593,596,593,597
1305,594,605,591,592,609,602,596,596
1306,609,595,608,597,594,595,599,594
1307,-595,-603,-593,-603,-593,-596,-597,-609
1308,-604,-609,-602,-596,-592,-609,-599,-603
1309,-600,-602,-596,-596,-591,-608,-603,-605
1310,597,605,596,595,604,595,600,606
1311,593,596,609,599,602,597,593,595
1312,606,602,602,593,597,608,597,592
1313,-608,-591,-598,-600,-597,-593,-593,-597
1314,-601,-603,-595,-592,-591,-606,-593,-595
1315,-600,-602,-592,-596,-591,-597,-604,-606
1316,598,594,607,592,609,595,601,604
1317,609,608,607,595,598,591,602,592
1318,603,600,596,603,607,602,606,600
1319,-597,-592,-592,-607,-606,-599,-608,-598
1320,-595,-602,-594,-591,-606,-599,-599,-593
1321,-592,-594,-591,-609,-601,-601,-599,-592
1322,607,599,609,594,598,602,591,608
1323,599,596,607,592,605,604,591,599
1324,599,607,607,604,605,591,606,601
1325,-597,-595,-609,-604,-596,-602,-605,-606
1326,-595,-602,-595,-595,-591,-598,-598,-591
1327,-609,-606,-604,-593,-607,-598,-606,-604
1328,594,596,602,598,602,593,594,600
1329,608,593,593,606,603,591,592,593
1330,602,609,597,593,606,602,603,598
1331,-599,-608,-604,-599,-597,-601,-606,-599
1332,-593,-596,-602,-592,-602,-591,-592,-605
1333,-594,-595,-591,-597,-609,-606,-602,-592
1334,606,606,608,600,594,596,604,602
1335,608,598,591,605,596,602,594,603
1336,596,594,592,597,594,595,603,603
1337,-594,-608,-598,-605,-593,-605,-608,-591
1338,-591,-591,-606,-598,-600,-605,-597,-600
1339,-591,-609,-598,-600,-592,-592,-604,-600
1340,604,594,603,607,594,602,598,605
1341,604,597,591,609,592,609,601,602
1342,595,593,608,597,595,597,600,597
1343,-604,-607,-595,-595,-608,-597,-601,-597
1344,-592,-593,-592,-592,-603,-597,-599,-604
1345,-591,-609,-599,-604,-605,-591,-594,-596
1346,607,598,592,605,609,599,595,600
1347,605,597,607,601,606,594,600,607
1348,595,605,606,597,598,597,602,591
1349,-607,-600,-607,-599,-601,-598,-608,-607
1350,-609,-599,-595,-602,-608,-597,-591,-602
1351,-603,-593,-604,-600,-606,-596,-593,-594
1352,593,592,592,601,606,593,605,595
1353,603,596,591,600,600,597,605,607
1354,598,599,601,609,597,592,606,601
1355,-604,-601,-609,-605,-601,-600,-606,-601
1356,-591,-601,-592,-596,-606,-593,-592,-606
1357,-607,-594,-607,-593,-609,-594,-605,-598
1358,593,602,599,603,609,598,597,595
1359,601,591,591,605,607,597,609,602
1360,608,593,598,607,607,596,592,608
1361,-602,-602,-597,-596,-597,-608,-603,-593
1362,-598,-598,-597,-606,-604,-598,-595,-595
1363,-595,-602,-592,-603,-599,-608,-597,-603
1364,591,600,609,595,609,605,595,602
1365,591,600,593,598,595,596,601,599
1366,591,591,600,598,604,609,592,601
1367,-592,-592,-591,-591,-604,-596,-606,-603
1368,-600,-592,-597,-607,-602,-597,-593,-602
1369,-598,-594,-609,-604,-598,-601,-606,-609
1370,593,601,605,609,605,598,597,599
1371,591,599,604,608,605,603,599,594
1372,605,593,607,605,599,595,592,602
1373,-596,-598,-607,-601,-607,-604,-594,-592
1374,-594,-594,-596,-595,-596,-609,-598,-597
1375,-595,-595,-603,-607,-592,-606,-606,-609
1376,604,595,601,606,594,592,592,608
1377,609,596,595,601,600,597,607,609
1378,607,595,599,599,602,604,598,594
1379,-600,-594,-602,-599,-604,-604,-596,-605
1380,-607,-608,-595,-595,-600,-596,-594,-595
1381,-603,-600,-608,-604,-597,-604,-596,-598
1382,594,601,606,594,602,600,601,592
1383,596,592,597,593,598,599,595,606
1384,596,606,591,609,596,602,602,597
1385,-595,-608,-609,-596,-601,-605,-605,-593
1386,-592,-599,-593,-597,-598,-595,-609,-594
1387,-606,-592,-604,-594,-604,-605,-600,-591
1388,609,604,604,608,596,594,606,601
1389,602,605,593,593,603,598,607,609
1390,604,598,605,597,596,594,606,596
1391,-592,-592,-603,-600,-597,-596,-600,-606
1392,-593,-597,-598,-598,-597,-600,-599,-595
1393,-606,-595,-596,-605,-602,-594,-597,-607
1394,591,602,593,595,605,591,602,605
1395,596,606,608,593,599,591,605,606
1396,605,596,591,600,602,608,603,604
1397,-600,-599,-608,-596,-604,-598,-594,-602
1398,-605,-595,-608,-594,-605,-606,-606,-591
1399,-602,-598,-609,-604,-599,-607,-602,-594
1400,591,602,598,602,600,604,603,607
1401,596,593,600,601,602,604,606,599
1402,606,599,601,598,604,600,604,597
1403,-603,-595,-596,-599,-601,-595,-602,-602
1404,-600,-597,-598,-596,-595,-601,-594,-606
1405,-592,-597,-592,-608,-593,-600,-597,-600
1406,600,609,608,599,607,593,592,605
1407,609,591,609,600,594,605,596,603
1408,595,594,592,593,602,603,600,596
1409,-607,-599,-599,-598,-599,-594,-592,-608
1410,-600,-609,-608,-598,-598,-594,-599,-594
1411,-595,-604,-608,-596,-607,-607,-606,-591
1412,606,602,596,609,597,600,592,595
1413,597,592,608,599,604,608,605,607
1414,607,596,603,603,606,602,593,607
1415,-593,-609,-591,-602,-599,-598,-608,-592
1416,-598,-595,-592,-605,-609,-608,-591,-600
1417,-591,-609,-599,-598,-603,-605,-600,-606
1418,607,607,594,601,595,600,601,597
1419,594,607,602,599,603,598,607,597
1420,601,606,599,597,600,593,598,603
1421,-607,-602,-598,-596,-603,-604,-602,-598
1422,-592,-593,-592,-601,-597,-601,-592,-595
1423,-599,-597,-594,-595,-592,-593,-604,-609
1424,592,609,606,595,604,596,601,603
1425,609,598,600,598,608,591,608,601
1426,609,599,609,595,609,597,598,591
1427,-593,-594,-594,-599,-608,-595,-602,-604
1428,-594,-606,-595,-602,-603,-605,-602,-606
1429,-591,-601,-596,-604,-593,-592,-601,-595
1430,600,593,608,592,594,604,601,593
1431,604,608,593,604,593,591,591,591
1432,595,592,600,598,601,600,608,598
1433,-598,-594,-604,-603,-605,-600,-593,-606
1434,-601,-594,-601,-593,-602,-596,-609,-600
1435,-591,-601,-593,-608,-603,-603,-597,-595
1436,603,596,605,597,607,597,607,606
1437,598,603,602,594,597,605,603,597
1438,597,598,605,604,593,592,593,602
1439,-604,-596,-600,-599,-598,-606,-598,-593
1440,-592,-606,-609,-600,-597,-593,-596,-609
1441,-606,-597,-596,-595,-595,-600,-599,-597
1442,594,601,607,601,591,601,596,591
1443,608,602,599,609,604,606,599,597
1444,597,594,596,596,603,607,608,592
1445,-593,-596,-605,-603,-609,-604,-595,-606
1446,-594,-592,-593,-601,-594,-601,-598,-608
1447,-606,-606,-595,-599,-596,-604,-591,-608
1448,600,591,603,609,592,592,599,598
1449,603,595,606,607,595,600,593,600
1450,596,595,604,597,603,592,596,593
1451,-596,-602,-600,-601,-604,-601,-600,-593
1452,-602,-605,-602,-598,-593,-600,-599,-607
1453,-607,-593,-608,-598,-607,-604,-609,-607
1454,606,607,600,596,593,609,601,609
1455,600,598,609,594,591,608,596,605
1456,609,602,595,605,605,599,602,595
1457,-593,-595,-592,-594,-597,-605,-609,-607
1458,-594,-604,-595,-593,-604,-596,-596,-606
1459,-605,-593,-599,-592,-607,-601,-601,-608
1460,602,604,598,607,608,594,597,604
1461,606,596,608,592,605,598,609,607
1462,607,609,601,606,595,592,605,591
1463,-598,-609,-594,-593,-608,-605,-591,-591
1464,-605,-601,-605,-594,-598,-599,-599,-604
1465,-598,-609,-592,-591,-598,-604,-599,-605
1466,592,599,597,591,601,594,606,601
1467,603,596,598,593,601,595,606,602
1468,609,593,601,609,600,592,599,593
1469,-600,-608,-601,-595,-604,-599,-602,-602
1470,-602,-592,-594,-599,-593,-602,-597,-593
1471,-607,-604,-606,-592,-598,-598,-602,-591
1472,599,604,603,608,598,594,608,593
1473,594,592,596,597,607,595,596,598
1474,596,603,604,602,602,592,606,606
1475,-608,-593,-608,-609,-601,-606,-595,-609
1476,-607,-592,-591,-609,-600,-598,-604,-598
1477,-591,-599,-605,-598,-597,-605,-591,-605
1478,598,602,603,601,609,594,607,597
1479,602,591,608,602,596,591,593,596
1480,591,593,605,606,600,604,595,596
1481,-605,-599,-602,-601,-599,-593,-596,-607
1482,-605,-601,-609,-591,-605,-591,-601,-607
1483,-607,-609,-593,-607,-592,-605,-597,-593
1484,602,599,592,591,599,593,594,596
1485,609,597,606,599,592,601,603,607
1486,593,607,598,594,593,602,602,608
1487,-594,-604,-608,-602,-602,-602,-609,-602
1488,-592,-603,-601,-600,-593,-607,-604,-606
1489,-592,-603,-599,-607,-597,-593,-599,-606
1490,596,602,598,605,606,602,605,595
1491,605,593,603,601,604,601,606,606
1492,600,609,607,602,592,608,592,608
1493,-607,-592,-598,-602,-597,-600,-597,-609
1494,-595,-601,-599,-596,-600,-602,-596,-597
1495,-607,-602,-603,-602,-601,-593,-594,-604
1496,598,601,593,594,592,603,593,594
1497,597,595,603,605,598,595,606,608
1498,599,594,606,607,608,604,597,600
1499,-601,-594,-593,-609,-607,-592,-595,-605
1500,600,597,607,602,604,593,599,599
1501,597,604,609,599,605,597,598,609
1502,598,597,602,608,606,601,595,600
1503,607,602,608,595,607,606,601,602
1504,608,602,600,591,601,605,604,595
1505,-593,-604,-600,-591,-598,-600,-602,-605
1506,-599,-607,-606,-602,-608,-599,-596,-607
1507,-592,-605,-593,-594,-596,-602,-597,-603
1508,-605,-597,-592,-594,-604,-599,-596,-607
1509,-602,-608,-600,-599,-603,-599,-598,-591
1510,591,593,608,596,591,609,593,609
1511,594,604,591,607,603,608,593,601
1512,595,607,594,599,591,606,595,594
1513,592,599,600,597,597,599,605,591
1514,605,609,591,605,598,597,596,603
1515,-593,-593,-591,-607,-598,-593,-599,-604
1516,-599,-598,-595,-592,-591,-600,-593,-601
1517,-602,-598,-609,-599,-592,-605,-606,-607
1518,-592,-597,-594,-607,-596,-594,-597,-605
1519,-605,-607,-603,-608,-595,-608,-602,-593
1520,597,603,597,598,599,606,600,599
1521,600,596,602,597,609,599,591,603
1522,593,607,605,601,595,594,593,600
1523,607,592,591,605,607,601,598,600
1524,595,593,591,607,594,608,606,599
1525,-598,-607,-603,-593,-591,-602,-596,-606
1526,-605,-597,-594,-609,-609,-600,-604,-591
1527,-596,-606,-605,-604,-603,-608,-601,-604
1528,-601,-593,-595,-607,-603,-604,-593,-608
1529,-605,-598,-609,-603,-609,-594,-600,-606
1530,602,606,598,597,607,599,606,596
1531,598,593,606,598,593,601,598,596
1532,609,598,596,594,595,603,605,605
1533,602,598,605,601,600,602,608,592
1534,592,593,598,600,591,597,592,606
1535,-605,-595,-598,-600,-594,-597,-604,-595
1536,-596,-591,-594,-594,-593,-602,-591,-597
1537,-604,-595,-598,-597,-603,-595,-602,-606
1538,-602,-607,-600,-598,-594,-595,-606,-597
1539,-599,-593,-602,-603,-598,-599,-602,-605
1540,604,607,604,609,598,606,592,603
1541,607,605,608,600,593,598,601,598
1542,599,603,608,596,591,608,603,609
1543,597,604,596,609,595,606,594,593
1544,601,604,605,606,598,594,591,604
1545,-598,-602,-596,-606,-603,-602,-599,-600
1546,-591,-597,-598,-609,-606,-597,-609,-602
1547,-591,-601,-609,-601,-595,-600,-608,-594
1548,-591,-606,-597,-598,-600,-602,-607,-605
1549,-601,-594,-604,-605,-602,-594,-606,-605
1550,608,592,597,592,608,598,602,595
1551,600,592,603,600,606,599,609,594
1552,602,604,593,593,594,596,593,591
1553,604,592,609,592,603,599,604,595
1554,598,601,605,595,603,595,591,602
1555,-598,-606,-605,-606,-597,-592,-608,-601
1556,-599,-597,-607,-603,-591,-603,-594,-598
1557,-597,-608,-597,-606,-608,-599,-609,-609
1558,-603,-601,-605,-601,-593,-606,-602,-591
1559,-596,-606,-595,-606,-601,-603,-608,-591
1560,599,607,604,603,606,602,597,608
1561,597,608,596,591,601,594,607,604
1562,602,600,597,593,600,601,593,602
1563,608,598,594,595,602,595,596,605
1564,599,593,604,604,593,606,596,604
1565,-602,-598,-596,-596,-599,-606,-593,-609
1566,-600,-607,-602,-605,-592,-592,-608,-594
1567,-591,-604,-607,-609,-606,-598,-606,-608
1568,-599,-597,-600,-605,-602,-598,-604,-596
1569,-593,-591,-607,-609,-600,-600,-599,-599
1570,594,593,595,600,595,607,606,603
1571,597,595,607,595,606,600,594,604
1572,596,597,607,606,595,608,603,599
1573,599,605,604,592,605,601,604,593
1574,591,597,600,607,604,607,609,609
1575,-607,-606,-598,-605,-602,-606,-593,-596
1576,-603,-594,-601,-605,-597,-597,-594,-599
1577,-599,-599,-605,-591,-592,-593,-591,-605
1578,-599,-591,-591,-602,-597,-602,-605,-598
1579,-606,-606,-605,-596,-595,-604,-607,-608
1580,602,597,603,604,599,603,595,603
1581,601,593,606,593,601,592,607,600
1582,594,608,601,597,600,594,603,601
1583,609,602,602,597,603,609,603,603
1584,593,609,592,603,594,592,592,601
1585,-605,-606,-599,-597,-607,-591,-600,-593
1586,-607,-594,-604,-601,-595,-592,-596,-606
1587,-596,-598,-606,-607,-594,-594,-595,-598
1588,-600,-602,-608,-591,-606,-591,-598,-596
1589,-609,-605,-594,-604,-608,-595,-606,-600
1590,600,596,598,602,592,602,608,596
1591,601,595,599,592,594,600,596,596
1592,593,591,600,598,601,592,605,598
1593,604,597,603,593,604,593,593,593
1594,607,604,607,607,594,606,594,598
1595,-602,-608,-594,-606,-591,-600,-597,-591
1596,-597,-597,-609,-594,-607,-596,-598,-592
1597,-608,-594,-602,-592,-597,-593,-595,-595
1598,-596,-601,-606,-607,-593,-601,-594,-607
1599,-607,-604,-596,-595,-609,-601,-607,-593
1600,594,599,592,596,601,600,594,591
1601,609,605,597,598,606,601,605,596
1602,609,602,596,605,592,597,600,600
1603,597,600,594,606,605,604,608,598
1604,604,608,609,597,594,609,609,607
1605,-593,-593,-601,-604,-604,-593,-597,-606
1606,-600,-591,-598,-603,-594,-604,-603,-598
1607,-598,-592,-605,-597,-599,-594,-608,-592
1608,-609,-591,-595,-609,-593,-603,-606,-591
1609,-604,-596,-597,-597,-600,-603,-605,-600
1610,608,604,604,601,601,598,599,609
1611,607,602,607,608,597,604,602,604
1612,600,601,603,595,594,592,598,597
1613,605,591,594,595,593,607,593,601
1614,599,591,609,608,594,609,604,594
1615,-595,-593,-602,-605,-603,-600,-603,-592
1616,-591,-592,-596,-591,-594,-604,-605,-597
1617,-606,-595,-592,-602,-601,-599,-592,-599
1618,-595,-607,-605,-600,-597,-602,-596,-592
1619,-605,-607,-595,-592,-608,-596,-609,-597
1620,606,599,592,599,601,603,605,592
1621,605,592,604,594,603,601,598,602
1622,592,597,600,593,605,595,592,608
1623,602,599,601,602,608,603,609,601
1624,595,600,598,597,602,607,604,599
1625,-608,-609,-609,-597,-605,-594,-606,-595
1626,-601,-598,-593,-606,-591,-602,-593,-597
1627,-605,-603,-597,-599,-598,-607,-602,-593
1628,-597,-594,-601,-600,-604,-593,-592,-602
1629,-602,-600,-603,-600,-599,-607,-593,-604
1630,599,602,609,593,602,604,594,592
1631,593,608,602,598,598,597,591,605
1632,597,594,600,602,591,601,595,602
1633,597,595,605,592,603,591,595,598
1634,607,604,607,591,604,597,593,599
1635,-597,-595,-605,-608,-600,-597,-600,-604
1636,-603,-608,-592,-600,-591,-607,-598,-606
1637,-600,-592,-609,-595,-601,-594,-598,-606
1638,-598,-596,-595,-609,-602,-603,-591,-593
1639,-606,-608,-596,-593,-608,-599,-596,-608
1640,603,604,602,594,599,592,597,603
1641,601,591,607,595,593,602,595,609
1642,606,591,604,599,602,605,608,593
1643,593,594,593,591,601,608,592,604
1644,604,602,595,606,593,600,600,602
1645,-607,-604,-604,-606,-593,-597,-599,-602
1646,-601,-600,-606,-607,-603,-592,-603,-601
1647,-599,-597,-598,-600,-592,-594,-605,-604
1648,-606,-596,-604,-596,-600,-608,-600,-609
1649,-605,-598,-591,-598,-603,-591,-592,-592
1650,603,603,600,604,604,599,602,605
1651,595,602,607,607,606,592,592,601
1652,601,603,604,604,593,594,594,591
1653,595,599,607,600,595,591,601,609
1654,606,598,599,604,608,601,593,606
1655,-604,-603,-604,-602,-595,-597,-609,-595
1656,-594,-595,-598,-601,-596,-595,-608,-608
1657,-600,-601,-604,-599,-600,-602,-598,-605
1658,-602,-591,-592,-602,-604,-595,-595,-596
1659,-600,-603,-605,-591,-592,-598,-602,-607
1660,607,598,601,604,591,598,593,599
1661,592,593,606,592,596,593,592,608
1662,593,604,603,608,601,601,598,596
1663,597,603,597,607,591,599,592,605
1664,598,603,602,594,595,596,597,605
1665,-609,-592,-597,-602,-595,-608,-593,-606
1666,-599,-598,-593,-598,-593,-597,-598,-606
1667,-591,-599,-598,-591,-595,-600,-600,-609
1668,-604,-604,-604,-604,-609,-605,-601,-608
1669,-601,-596,-603,-600,-591,-606,-607,-595
1670,592,591,601,601,594,606,592,592
1671,595,593,608,600,598,594,603,600
1672,596,593,595,603,605,597,607,595
1673,592,603,605,591,601,594,607,596
1674,608,592,607,598,607,597,601,604
1675,-597,-596,-592,-609,-594,-596,-595,-596
1676,-597,-603,-598,-595,-597,-609,-607,-595
1677,-602,-595,-603,-604,-607,-592,-603,-591
1678,-599,-606,-595,-592,-602,-606,-601,-604
1679,-601,-594,-601,-601,-607,-608,-598,-595
1680,600,606,597,607,602,602,605,596
1681,600,601,608,608,607,604,597,596
1682,595,594,603,598,603,595,596,604
1683,593,600,604,596,599,592,600,596
1684,599,606,594,605,603,604,592,594
1685,-599,-601,-605,-599,-599,-603,-605,-598
1686,-595,-598,-607,-598,-603,-596,-591,-591
1687,-597,-609,-599,-601,-608,-591,-603,-599
1688,-598,-604,-609,-609,-598,-592,-608,-598
1689,-602,-602,-609,-607,-592,-597,-604,-593
1690,599,609,595,606,594,592,605,600
1691,595,594,599,593,609,592,595,604
1692,603,595,608,593,591,593,606,591
1693,594,601,591,596,602,591,602,596
1694,599,608,600,593,592,592,591,605
1695,-600,-603,-606,-606,-597,-605,-593,-606
1696,-608,-603,-603,-591,-592,-607,-608,-601
1697,-601,-592,-599,-591,-593,-599,-605,-591
1698,-601,-602,-599,-607,-604,-607,-594,-603
1699,-596,-597,-600,-594,-598,-596,-607,-592
1700,595,591,602,597,604,598,598,594
1701,598,598,609,599,595,606,593,608
1702,596,592,607,608,595,607,608,594
1703,600,595,593,601,601,607,606,600
1704,603,598,594,599,595,602,603,597
1705,-592,-602,-599,-597,-594,-606,-602,-608
1706,-609,-597,-608,-596,-608,-592,-599,-596
1707,-593,-603,-607,-605,-600,-605,-605,-596
1708,-602,-599,-603,-596,-600,-594,-600,-601
1709,-598,-605,-592,-593,-597,-607,-608,-604
1710,607,601,595,596,592,607,608,604
1711,593,593,600,604,604,605,609,596
1712,603,604,599,598,607,603,602,592
1713,597,598,597,597,592,602,593,609
1714,601,607,608,594,595,608,603,598
1715,-591,-598,-599,-600,-609,-593,-600,-600
1716,-599,-608,-608,-599,-606,-596,-596,-599
1717,-595,-592,-603,-597,-591,-591,-603,-607
1718,-603,-601,-607,-600,-596,-593,-607,-596
1719,-595,-597,-592,-608,-598,-602,-607,-605
1720,603,595,595,605,597,600,596,609
1721,593,604,599,598,607,605,599,603
1722,597,605,598,599,598,606,592,591
1723,607,598,601,609,606,591,606,596
1724,605,593,592,604,598,607,594,606
1725,-601,-599,-593,-594,-599,-598,-609,-602
1726,-600,-602,-609,-608,-605,-594,-604,-607
1727,-597,-608,-597,-591,-603,-606,-591,-597
1728,-607,-608,-599,-597,-607,-598,-597,-597
1729,-597,-602,-596,-594,-596,-599,-605,-602
1730,602,602,599,602,591,601,603,601
1731,608,595,606,602,599,592,609,596
1732,602,599,593,609,592,605,597,593
1733,599,599,599,596,597,600,606,609
1734,603,603,602,592,596,609,598,607
1735,-602,-593,-599,-597,-604,-608,-602,-596
1736,-600,-591,-596,-606,-592,-609,-598,-591
1737,-600,-608,-600,-607,-597,-595,-603,-603
1738,-594,-592,-605,-596,-604,-603,-594,-601
1739,-600,-605,-597,-604,-609,-591,-596,-603
1740,609,592,603,597,598,604,594,603
1741,600,607,608,595,607,599,603,603
1742,592,592,607,607,605,600,609,591
1743,604,605,609,596,591,597,602,594
1744,598,601,594,609,591,592,595,604
1745,-606,-604,-601,-600,-596,-595,-594,-604
1746,-597,-593,-606,-608,-600,-604,-598,-607
1747,-600,-608,-592,-601,-604,-599,-591,-606
1748,-604,-598,-604,-595,-595,-597,-604,-595
1749,-592,-603,-608,-601,-592,-608,-595,-593
1750,602,598,597,591,593,593,607,603
1751,-603,-602,-598,-592,-602,-595,-597,-607
1752,604,592,599,608,603,596,602,594
1753,-607,-593,-607,-591,-601,-606,-597,-605
1754,593,593,596,595,596,605,602,596
1755,-595,-608,-608,-594,-593,-592,-603,-607
1756,595,601,602,599,594,605,606,599
1757,-592,-598,-605,-598,-593,-603,-599,-593
1758,603,602,606,598,599,607,599,598
1759,-605,-596,-609,-605,-594,-595,-592,-594
1760,596,603,594,607,608,600,609,604
1761,-596,-600,-603,-593,-603,-592,-608,-595
1762,605,597,606,603,600,598,591,606
1763,-603,-608,-594,-591,-591,-601,-605,-595
1764,593,591,592,600,595,606,594,608
1765,-591,-603,-603,-604,-591,-602,-608,-599
1766,595,602,603,604,598,596,604,605
1767,-598,-600,-602,-594,-597,-591,-597,-601
1768,607,591,597,594,601,598,608,599
1769,-606,-594,-607,-602,-594,-608,-598,-602
1770,591,591,595,604,595,604,602,601
1771,-592,-606,-608,-600,-595,-608,-595,-605
1772,593,591,593,602,592,600,592,591
1773,-594,-594,-605,-596,-607,-597,-604,-602
1774,602,608,607,603,594,607,607,601
1775,-599,-600,-601,-607,-600,-591,-609,-601
1776,592,606,605,601,606,609,601,600
1777,-596,-602,-600,-596,-606,-609,-591,-599
1778,609,609,591,604,594,600,604,595
1779,-595,-608,-608,-594,-604,-591,-606,-604
1780,591,594,604,591,606,604,604,593
1781,-608,-606,-609,-592,-601,-607,-596,-601
1782,602,602,609,600,596,597,598,606
1783,-607,-596,-606,-604,-606,-599,-607,-599
1784,600,596,595,594,602,599,595,595
1785,-595,-603,-604,-606,-609,-608,-607,-605
1786,601,595,593,594,596,599,602,601
1787,-597,-608,-598,-591,-600,-598,-596,-592
1788,600,603,598,609,599,609,602,601
1789,-597,-593,-596,-597,-598,-608,-595,-603
1790,603,597,592,598,599,592,604,600
1791,-604,-596,-600,-598,-594,-607,-591,-603
1792,602,601,599,595,604,596,602,595
1793,-603,-609,-603,-594,-594,-601,-609,-602
1794,603,605,594,602,592,600,606,605
1795,-609,-603,-609,-592,-604,-604,-600,-603
1796,594,595,591,595,607,598,600,607
1797,-596,-605,-605,-594,-605,-597,-606,-591
1798,605,604,602,605,596,602,605,600
1799,-599,-604,-592,-591,-602,-609,-594,-609
1800,606,597,603,599,600,601,607,598
1801,-596,-607,-596,-607,-597,-592,-601,-593
1802,592,605,603,591,609,601,605,603
1803,-599,-603,-598,-606,-607,-603,-598,-602
1804,608,608,609,606,602,609,598,607
1805,-598,-593,-595,-605,-606,-598,-599,-607
1806,594,607,606,596,592,599,593,608
1807,-602,-593,-594,-592,-606,-601,-600,-602
1808,599,603,592,599,602,607,593,605
1809,-596,-594,-609,-604,-606,-593,-594,-602
1810,607,591,603,598,597,591,600,591
1811,-594,-608,-605,-605,-595,-598,-591,-600
1812,600,609,595,603,598,603,607,596
1813,-597,-592,-608,-602,-598,-604,-595,-593
1814,592,595,608,595,602,603,596,606
1815,-606,-595,-593,-600,-609,-605,-601,-607
1816,598,591,606,600,608,593,599,592
1817,-601,-592,-600,-603,-597,-592,-601,-597
1818,603,595,600,608,599,609,602,594
1819,-604,-606,-609,-595,-601,-606,-606,-598
1820,602,602,591,596,595,596,605,593
1821,-595,-600,-606,-598,-600,-598,-599,-594
1822,595,593,592,592,602,595,596,593
1823,-593,-593,-597,-596,-596,-595,-603,-606
1824,606,608,601,592,607,593,605,595
1825,-598,-594,-604,-598,-599,-604,-598,-598
1826,603,604,593,605,600,603,608,604
1827,-602,-606,-603,-602,-595,-595,-597,-597
1828,594,601,594,606,598,596,606,608
1829,-596,-598,-603,-607,-594,-602,-597,-599
1830,596,593,609,608,604,605,599,592
1831,-591,-609,-597,-607,-593,-609,-595,-595
1832,605,605,601,608,594,596,609,599
1833,-607,-607,-601,-604,-598,-601,-602,-602
1834,597,596,604,602,595,609,595,599
1835,-601,-606,-594,-597,-606,-598,-594,-607
1836,605,607,605,596,591,603,604,600
1837,-592,-606,-602,-600,-601,-595,-603,-606
1838,594,605,595,605,594,598,597,599
1839,-591,-604,-591,-598,-594,-598,-605,-591
1840,595,594,604,603,606,607,594,606
1841,-593,-608,-598,-593,-594,-595,-592,-607
1842,592,593,609,605,604,591,595,593
1843,-602,-599,-604,-603,-595,-592,-604,-595
1844,599,593,592,596,601,591,603,608
1845,-609,-596,-607,-594,-607,-603,-607,-595
1846,605,592,605,607,593,594,605,596
1847,-605,-597,-605,-606,-603,-604,-600,-606
1848,606,592,605,601,603,593,599,591
1849,-599,-607,-597,-608,-608,-606,-606,-594
1850,594,608,596,599,600,600,600,599
1851,-596,-599,-605,-594,-601,-594,-604,-593
1852,602,594,604,597,609,607,607,606
1853,-592,-604,-593,-608,-598,-608,-594,-598
1854,599,592,597,598,603,600,599,601
1855,-596,-609,-596,-599,-605,-594,-592,-603
1856,596,608,592,598,606,594,591,597
1857,-592,-597,-608,-599,-592,-598,-596,-596
1858,594,596,601,599,606,591,608,609
1859,-607,-608,-609,-596,-594,-591,-598,-609
1860,594,606,593,595,601,609,598,605
1861,-602,-598,-599,-605,-594,-607,-608,-592
1862,601,597,597,599,604,601,591,593
1863,-592,-599,-593,-598,-606,-600,-602,-591
1864,605,605,602,602,603,605,600,596
1865,-593,-591,-605,-606,-596,-594,-609,-597
1866,601,605,596,593,605,606,601,607
1867,-603,-593,-592,-599,-597,-597,-604,-608
1868,591,591,598,597,605,597,595,595
1869,-606,-605,-609,-607,-598,-592,-599,-593
1870,591,598,592,591,607,600,598,599
1871,-603,-604,-607,-606,-595,-605,-607,-606
1872,594,608,607,606,594,606,596,609
1873,-592,-591,-607,-601,-601,-606,-593,-608
1874,597,593,595,606,597,596,593,601
1875,-605,-591,-607,-607,-609,-608,-597,-602
1876,602,599,600,595,604,595,603,596
1877,-598,-609,-602,-606,-595,-601,-608,-601
1878,604,602,598,604,602,599,598,595
1879,-603,-592,-600,-609,-600,-606,-593,-609
1880,606,596,596,596,601,602,599,592
1881,-606,-608,-591,-602,-596,-609,-593,-603
1882,594,599,598,604,594,594,601,591
1883,-597,-603,-607,-594,-605,-597,-592,-597
1884,595,601,597,593,604,594,606,608
1885,-599,-602,-603,-595,-603,-591,-601,-603
1886,597,597,593,597,597,597,604,593
1887,-593,-597,-599,-601,-594,-608,-598,-601
1888,593,597,608,606,608,595,596,607
1889,-597,-596,-605,-603,-597,-606,-598,-603
1890,596,603,591,596,599,592,591,607
1891,-603,-594,-598,-593,-594,-595,-599,-595
1892,595,606,592,606,604,602,599,597
1893,-607,-609,-601,-601,-598,-597,-609,-595
1894,602,600,596,591,597,593,591,609
1895,-607,-597,-595,-596,-596,-599,-604,-604
1896,607,593,591,593,603,605,609,607
1897,-604,-594,-597,-594,-609,-594,-592,-598
1898,599,609,596,595,602,607,609,608
1899,-604,-593,-600,-593,-598,-597,-592,-599
1900,593,601,605,596,594,600,595,604
1901,-601,-600,-605,-601,-608,-592,-608,-594
1902,605,595,607,592,601,596,607,595
1903,-605,-597,-599,-604,-607,-600,-595,-603
1904,597,603,599,595,598,594,603,607
1905,-598,-604,-600,-597,-594,-604,-606,-599
1906,604,600,609,607,603,603,592,608
1907,-608,-600,-603,-605,-604,-599,-603,-602
1908,597,598,604,600,601,606,592,592
1909,-601,-603,-607,-594,-605,-595,-594,-592
1910,609,603,604,605,605,601,598,609
1911,-605,-597,-592,-604,-592,-595,-595,-591
1912,593,599,609,591,597,591,604,594
1913,-609,-598,-609,-592,-592,-605,-608,-599
1914,598,609,591,598,607,606,596,607
1915,-593,-603,-598,-609,-606,-606,-603,-591
1916,595,594,600,609,600,598,600,605
1917,-609,-604,-594,-604,-608,-595,-603,-609
1918,597,592,609,595,604,608,597,593
1919,-608,-599,-595,-609,-594,-596,-591,-594
1920,604,597,609,609,602,605,605,599
1921,-599,-601,-596,-605,-600,-606,-600,-594
1922,591,609,592,602,599,596,593,591
1923,-602,-605,-597,-606,-606,-598,-608,-606
1924,605,591,602,600,602,603,601,603
1925,-603,-609,-605,-608,-592,-601,-609,-603
1926,594,598,591,596,591,609,597,608
1927,-591,-600,-605,-602,-593,-603,-597,-609
1928,606,604,604,600,608,593,603,594
1929,-594,-607,-605,-594,-591,-598,-598,-605
1930,592,592,596,601,606,596,591,595
1931,-603,-597,-595,-605,-608,-595,-598,-606
1932,599,608,592,605,591,596,608,595
1933,-595,-607,-599,-608,-598,-599,-594,-609
1934,599,593,600,601,596,594,596,593
1935,-596,-599,-601,-592,-604,-593,-603,-595
1936,605,607,591,595,601,605,601,606
1937,-591,-599,-604,-600,-597,-599,-601,-593
1938,608,598,592,601,597,608,603,601
1939,-604,-598,-594,-597,-592,-594,-593,-602
1940,598,606,602,591,594,601,600,608
1941,-598,-607,-593,-609,-592,-608,-605,-607
1942,609,591,602,609,603,603,597,593
1943,-591,-596,-609,-597,-591,-607,-608,-603
1944,606,598,604,592,592,607,593,591
1945,-594,-600,-602,-591,-601,-591,-596,-608
1946,601,602,599,599,609,601,609,609
1947,-596,-596,-605,-607,-596,-599,-595,-601
1948,609,595,598,600,605,596,606,603
1949,-601,-601,-593,-604,-599,-598,-602,-598
1950,606,592,593,598,600,604,601,595
1951,-608,-599,-599,-598,-597,-606,-605,-595
1952,592,598,593,607,608,602,597,605
1953,-603,-603,-609,-605,-606,-608,-604,-607
1954,606,604,609,598,607,606,606,599
1955,-596,-594,-608,-598,-604,-597,-608,-592
1956,593,602,608,596,603,602,608,597
1957,-602,-608,-594,-601,-594,-597,-597,-603
1958,591,594,593,607,606,601,601,596
1959,-599,-599,-593,-603,-603,-603,-608,-606
1960,603,596,601,597,606,597,605,607
1961,-600,-608,-605,-600,-592,-603,-597,-606
1962,594,601,594,605,606,601,596,593
1963,-592,-596,-604,-591,-594,-608,-599,-597
1964,598,602,602,592,604,600,600,606
1965,-593,-604,-605,-609,-599,-591,-597,-594
1966,600,607,601,599,606,604,608,605
1967,-600,-601,-596,-609,-591,-600,-595,-602
1968,607,604,600,599,604,598,606,593
1969,-601,-599,-609,-592,-603,-607,-605,-603
1970,604,608,606,600,600,595,605,592
1971,-598,-595,-608,-603,-609,-603,-594,-596
1972,594,594,592,606,603,608,593,599
1973,-600,-605,-593,-601,-599,-593,-599,-608
1974,592,607,609,597,597,608,593,591
1975,-591,-599,-602,-608,-608,-594,-602,-601
1976,608,595,598,599,606,609,595,601
1977,-591,-592,-598,-593,-603,-602,-603,-598
1978,591,607,607,607,607,601,593,603
1979,-598,-592,-605,-608,-606,-599,-608,-602
1980,601,600,608,604,607,604,603,595
1981,-606,-609,-602,-608,-606,-591,-600,-608
1982,594,600,606,605,605,600,595,598
1983,-592,-607,-600,-600,-596,-597,-591,-592
1984,603,603,609,606,608,601,596,592
1985,-595,-599,-608,-597,-608,-609,-593,-605
1986,591,597,602,602,599,599,596,605
1987,-597,-609,-595,-594,-599,-596,-607,-591
1988,605,591,596,600,595,602,593,598
1989,-596,-603,-601,-600,-596,-595,-600,-602
1990,594,591,606,599,592,591,601,604
1991,-599,-604,-593,-606,-605,-596,-595,-596
1992,606,591,593,596,592,607,594,595
1993,-602,-595,-599,-606,-604,-594,-597,-595
1994,606,601,594,593,603,606,603,595
1995,-608,-593,-591,-602,-605,-607,-609,-592
1996,597,592,601,595,608,609,595,592
1997,-600,-608,-600,-605,-603,-597,-600,-594
1998,596,602,608,604,594,597,603,599
1999,-597,-594,-605,-604,-592,-593,-598,-592
2000,591,597,592,594,608,607,598,599
2001,598,605,609,595,609,606,605,608
2002,593,602,604,598,594,592,602,600
2003,599,593,592,609,596,596,592,609
2004,592,596,604,594,591,592,601,597
2005,600,599,603,598,607,603,591,598
2006,604,603,591,594,601,606,603,603
2007,602,603,608,595,602,608,608,608
2008,-593,-594,-592,-608,-591,-607,-604,-595
2009,-599,-603,-605,-605,-609,-591,-600,-608
2010,-592,-599,-606,-598,-597,-598,-609,-599
2011,-598,-601,-600,-599,-596,-597,-600,-607
2012,-597,-594,-603,-599,-599,-595,-605,-600
2013,-604,-606,-604,-591,-597,-603,-599,-595
2014,-600,-600,-592,-603,-592,-607,-591,-598
2015,-603,-608,-600,-609,-596,-598,-602,-591
2016,600,608,591,599,591,605,593,592
2017,594,601,593,593,602,600,593,593
2018,598,591,600,595,595,591,606,596
2019,609,597,602,605,597,608,605,609
2020,591,599,595,605,592,593,598,599
2021,597,596,609,608,609,595,592,593
2022,604,604,609,596,608,601,595,594
2023,592,601,606,601,608,608,596,602
2024,-597,-602,-597,-609,-607,-606,-600,-598
2025,-605,-596,-602,-600,-607,-606,-607,-604
2026,-596,-593,-593,-603,-596,-593,-596,-605
2027,-593,-605,-596,-594,-609,-609,-605,-604
2028,-596,-606,-594,-606,-595,-606,-603,-597
2029,-609,-609,-605,-602,-609,-608,-605,-603
2030,-599,-594,-600,-609,-607,-606,-609,-606
2031,-592,-607,-592,-597,-606,-595,-595,-591
2032,603,601,597,599,608,597,600,599
2033,595,603,597,593,608,605,595,596
2034,595,595,597,594,599,608,592,593
2035,594,594,603,606,606,606,595,594
2036,606,596,604,599,591,594,609,607
2037,597,595,600,594,602,607,601,598
2038,595,607,591,593,591,606,593,609
2039,602,594,600,592,609,602,595,598
2040,-596,-592,-606,-591,-592,-594,-600,-604
2041,-592,-605,-606,-608,-593,-600,-601,-594
2042,-592,-607,-604,-603,-609,-599,-593,-591
2043,-601,-601,-592,-600,-591,-596,-604,-591
2044,-596,-591,-600,-609,-599,-591,-600,-602
2045,-606,-609,-601,-591,-602,-593,-607,-604
2046,-600,-593,-609,-607,-603,-608,-591,-600
2047,-602,-599,-595,-594,-602,-606,-608,-606
2048,597,597,601,592,602,604,593,598
2049,597,606,604,603,606,596,603,593
2050,597,601,602,602,609,591,595,597
2051,598,595,594,599,605,599,601,601
2052,597,603,597,592,595,603,596,593
2053,597,598,597,603,591,595,603,595
2054,597,592,607,592,604,595,600,597
2055,606,599,608,599,606,593,607,594
2056,-598,-599,-596,-594,-603,-601,-592,-604
2057,-595,-609,-603,-601,-600,-592,-603,-602
2058,-598,-603,-607,-603,-608,-599,-591,-608
2059,-609,-597,-602,-593,-604,-598,-608,-595
2060,-599,-609,-604,-598,-598,-592,-596,-599
2061,-593,-605,-609,-607,-603,-602,-601,-609
2062,-596,-591,-606,-609,-596,-595,-604,-592
2063,-609,-605,-597,-601,-594,-609,-601,-606
2064,593,606,594,607,605,609,597,592
2065,597,592,591,607,595,599,602,598
2066,605,596,596,607,591,608,605,602
2067,595,598,605,595,596,591,606,603
2068,593,597,603,601,604,591,609,604
2069,605,599,602,593,606,591,603,598
2070,592,609,594,594,606,592,606,596
2071,604,608,591,608,595,591,595,601
2072,-606,-602,-608,-595,-608,-600,-601,-601
2073,-606,-601,-603,-609,-604,-594,-602,-607
2074,-607,-601,-608,-596,-602,-600,-599,-605
2075,-593,-608,-608,-605,-602,-606,-597,-599
2076,-595,-607,-603,-601,-592,-607,-604,-598
2077,-592,-602,-595,-609,-607,-609,-595,-591
2078,-599,-595,-603,-608,-595,-594,-607,-608
2079,-607,-602,-599,-606,-600,-600,-592,-605
2080,595,592,605,591,592,607,606,603
2081,603,600,592,601,599,595,603,607
2082,595,592,605,597,598,595,600,595
2083,603,601,591,600,600,592,592,598
2084,592,606,600,592,593,597,604,599
2085,599,593,592,598,595,595,593,609
2086,606,595,597,593,594,608,595,606
2087,607,593,592,600,609,593,592,592
2088,-609,-604,-600,-609,-607,-601,-609,-592
2089,-603,-599,-598,-591,-607,-606,-600,-595
2090,-593,-595,-606,-594,-607,-597,-596,-595
2091,-598,-598,-592,-599,-602,-597,-601,-604
2092,-592,-601,-593,-601,-606,-609,-605,-602
2093,-595,-599,-595,-608,-603,-608,-603,-593
2094,-601,-599,-606,-603,-597,-593,-603,-597
2095,-609,-605,-609,-597,-599,-607,-605,-599
2096,607,609,606,592,607,607,594,603
2097,599,606,602,593,597,591,604,608
2098,599,608,592,592,609,601,595,601
2099,609,608,608,600,606,599,592,597
2100,592,608,592,600,606,592,599,594
2101,600,594,601,601,601,595,602,604
2102,596,606,598,596,603,598,608,602
2103,609,591,598,605,599,609,606,591
2104,-597,-609,-600,-601,-600,-609,-603,-599
2105,-596,-608,-598,-602,-597,-602,-592,-603
2106,-605,-598,-607,-609,-594,-591,-591,-591
2107,-605,-607,-606,-608,-596,-593,-600,-593
2108,-605,-595,-602,-601,-602,-596,-593,-595
2109,-599,-601,-607,-601,-592,-604,-602,-607
2110,-595,-603,-595,-600,-592,-600,-596,-591
2111,-597,-609,-602,-607,-608,-608,-607,-608
2112,595,602,601,608,606,598,605,601
2113,600,592,605,605,601,606,591,603
2114,593,605,595,599,601,600,593,608
2115,593,592,598,595,609,609,601,605
2116,603,592,602,598,593,603,607,604
2117,598,603,599,598,591,604,591,591
2118,607,591,597,598,592,592,597,596
2119,596,599,601,591,605,592,606,602
2120,-597,-595,-598,-592,-593,-609,-609,-600
2121,-608,-595,-601,-595,-595,-601,-606,-597
2122,-598,-604,-598,-596,-604,-603,-607,-605
2123,-609,-599,-600,-594,-608,-603,-605,-593
2124,-605,-605,-601,-609,-605,-604,-594,-606
2125,-608,-601,-597,-605,-595,-604,-594,-606
2126,-593,-602,-595,-604,-596,-591,-602,-609
2127,-591,-597,-592,-592,-607,-593,-609,-602
2128,595,606,600,592,602,601,595,600
2129,596,597,596,601,596,609,606,606
2130,597,602,596,593,597,609,591,603
2131,593,595,604,596,605,594,595,608
2132,598,606,608,596,592,594,596,595
2133,608,596,601,592,595,597,596,603
2134,608,594,601,599,596,608,603,601
2135,599,609,600,595,591,596,594,599
2136,-605,-591,-603,-591,-605,-593,-608,-592
2137,-605,-591,-599,-606,-596,-596,-605,-595
2138,-603,-601,-597,-592,-609,-608,-596,-593
2139,-604,-608,-594,-609,-604,-598,-602,-599
2140,-594,-603,-605,-609,-609,-593,-595,-600
2141,-594,-604,-601,-605,-594,-607,-593,-595
2142,-594,-602,-593,-602,-593,-592,-599,-594
2143,-597,-597,-593,-604,-606,-596,-591,-602
2144,605,598,600,605,601,605,601,597
2145,602,591,597,596,594,600,603,593
2146,593,592,608,607,594,602,604,605
2147,595,596,600,609,595,602,607,591
2148,606,608,601,604,603,605,591,601
2149,595,593,609,597,599,606,602,591
2150,607,608,598,594,599,607,604,604
2151,599,600,607,597,596,599,609,605
2152,-592,-607,-592,-600,-604,-591,-600,-591
2153,-597,-607,-602,-595,-601,-606,-598,-595
2154,-600,-596,-604,-609,-605,-608,-594,-606
2155,-597,-591,-602,-603,-608,-594,-609,-594
2156,-593,-599,-598,-603,-594,-593,-609,-593
2157,-605,-596,-604,-605,-597,-594,-601,-598
2158,-603,-604,-601,-606,-592,-592,-609,-609
2159,-604,-592,-593,-599,-604,-608,-609,-597
2160,597,606,599,594,604,606,604,608
2161,608,600,603,605,606,605,593,598
2162,594,606,600,597,595,609,591,601
2163,599,606,591,595,607,592,594,597
2164,593,607,604,607,601,593,598,594
2165,599,595,600,591,595,606,608,607
2166,598,601,595,609,592,606,596,599
2167,601,608,595,609,597,605,608,593
2168,-598,-596,-606,-609,-609,-594,-592,-606
2169,-600,-598,-602,-597,-593,-605,-605,-596
2170,-594,-595,-599,-602,-595,-591,-591,-606
2171,-595,-595,-593,-609,-599,-606,-599,-592
2172,-598,-609,-595,-594,-605,-608,-592,-594
2173,-601,-601,-598,-609,-599,-596,-601,-607
2174,-607,-608,-593,-602,-603,-605,-598,-604
2175,-593,-596,-593,-591,-599,-593,-591,-607
2176,594,608,600,607,604,599,598,604
2177,604,606,604,599,605,599,606,609
2178,608,600,604,602,597,591,593,591
2179,591,597,608,591,591,593,602,599
2180,595,593,608,609,605,605,604,596
2181,604,597,595,601,601,591,605,596
2182,595,598,592,594,591,592,595,592
2183,605,593,608,605,608,598,605,600
2184,-600,-606,-597,-608,-607,-607,-597,-609
2185,-606,-607,-603,-597,-605,-593,-603,-609
2186,-591,-599,-607,-602,-608,-609,-591,-599
2187,-605,-609,-594,-608,-601,-593,-609,-595
2188,-605,-599,-599,-603,-591,-605,-595,-607
2189,-598,-606,-593,-602,-595,-600,-607,-601
2190,-598,-596,-600,-609,-603,-594,-601,-604
2191,-609,-599,-594,-606,-602,-605,-600,-609
2192,607,606,607,597,595,593,607,595
2193,605,598,602,605,596,601,595,609
2194,604,598,608,591,597,604,600,594
2195,609,593,605,609,594,602,600,602
2196,591,607,591,601,596,592,609,604
2197,593,600,596,604,609,593,598,597
2198,592,605,603,594,599,601,591,602
2199,591,597,594,609,606,601,608,592
2200,-606,-596,-605,-599,-598,-609,-602,-603
2201,-593,-595,-609,-606,-600,-601,-600,-594
2202,-602,-596,-602,-602,-602,-594,-597,-598
2203,-602,-591,-599,-608,-593,-595,-593,-598
2204,-591,-604,-593,-607,-602,-594,-593,-597
2205,-600,-609,-606,-594,-593,-606,-609,-598
2206,-601,-593,-603,-607,-608,-598,-602,-603
2207,-596,-609,-591,-594,-592,-596,-596,-598
2208,608,603,605,594,603,602,600,596
2209,607,596,599,607,597,599,597,593
2210,608,600,606,609,605,602,596,604
2211,595,598,607,591,592,591,609,604
2212,591,601,595,600,600,594,600,595
2213,607,599,593,609,592,606,604,599
2214,597,602,596,597,607,607,600,591
2215,596,593,609,608,592,598,599,593
2216,-600,-608,-608,-591,-601,-598,-595,-604
2217,-609,-592,-599,-596,-599,-597,-598,-607
2218,-595,-592,-609,-607,-593,-591,-600,-603
2219,-606,-606,-597,-603,-592,-603,-594,-596
2220,-596,-596,-593,-609,-607,-599,-599,-592
2221,-598,-603,-597,-596,-607,-601,-608,-609
2222,-596,-600,-601,-595,-596,-600,-605,-601
2223,-605,-609,-604,-594,-593,-594,-597,-601
2224,595,602,591,595,602,603,602,592
2225,594,607,597,607,606,593,591,601
2226,596,599,599,606,592,603,603,595
2227,593,591,606,600,593,595,598,597
2228,606,603,592,597,604,600,596,592
2229,591,601,594,599,606,605,596,591
2230,598,608,604,591,599,602,599,597
2231,601,604,601,601,606,599,592,608
2232,-609,-601,-602,-599,-609,-591,-608,-609
2233,-601,-604,-609,-596,-603,-606,-592,-602
2234,-607,-601,-608,-598,-603,-608,-603,-595
2235,-605,-593,-601,-600,-603,-607,-592,-604
2236,-603,-598,-601,-598,-605,-605,-600,-596
2237,-596,-606,-602,-599,-594,-603,-594,-601
2238,-607,-605,-606,-604,-601,-594,-594,-604
2239,-599,-595,-596,-607,-603,-596,-608,-594
2240,591,599,607,598,593,604,606,598
2241,606,601,592,607,609,603,594,602
2242,594,601,600,602,600,606,592,593
2243,608,595,595,609,605,592,607,605
2244,595,603,605,602,602,606,609,604
2245,605,595,601,602,605,597,591,600
2246,596,591,608,596,591,604,591,607
2247,605,603,595,606,593,608,601,603
2248,-591,-591,-596,-594,-597,-605,-603,-602
2249,-592,-591,-605,-598,-601,-609,-591,-609
2250,595,609,601,601,603,592,609,594
2251,594,608,600,593,601,597,602,602
2252,604,606,605,604,597,602,597,601
2253,596,609,594,599,594,594,594,609
2254,592,605,601,598,605,599,596,594
2255,609,593,594,592,605,596,604,608
2256,600,603,593,600,607,607,599,605
2257,608,598,599,591,592,597,604,592
2258,597,593,603,604,594,609,598,591
2259,602,602,592,599,592,599,599,601
2260,607,591,593,594,594,601,607,609
2261,601,601,604,601,594,607,600,602
2262,604,607,609,594,593,599,592,596
2263,-605,-606,-592,-603,-595,-591,-604,-604
2264,-593,-595,-605,-597,-603,-594,-593,-599
2265,-592,-597,-598,-593,-607,-599,-596,-595
2266,-601,-601,-594,-597,-597,-605,-592,-604
2267,-603,-605,-601,-605,-597,-594,-598,-605
2268,-608,-607,-602,-605,-594,-607,-602,-598
2269,-607,-608,-607,-599,-594,-597,-602,-603
2270,-598,-609,-604,-594,-593,-609,-607,-607
2271,-594,-596,-603,-592,-599,-609,-591,-596
2272,-599,-608,-609,-601,-606,-605,-606,-603
2273,-598,-601,-593,-601,-602,-599,-593,-609
2274,-601,-600,-604,-600,-604,-601,-602,-592
2275,-594,-609,-604,-600,-600,-594,-593,-598
2276,608,595,604,596,606,593,603,591
2277,600,595,598,592,603,598,602,592
2278,605,593,607,604,602,592,592,608
2279,608,594,608,592,606,599,597,598
2280,596,603,593,608,599,600,609,603
2281,608,605,602,609,609,593,597,591
2282,606,594,595,596,594,606,596,592
2283,597,598,601,605,592,604,609,599
2284,596,604,606,604,603,595,603,591
2285,604,608,591,609,596,606,604,596
2286,605,597,604,595,595,593,600,599
2287,597,591,605,596,593,593,608,605
2288,598,606,592,605,605,595,603,596
2289,-609,-601,-594,-592,-606,-591,-593,-593
2290,-592,-604,-595,-603,-609,-607,-598,-600
2291,-600,-596,-601,-607,-601,-596,-599,-606
2292,-598,-601,-596,-595,-607,-609,-591,-609
2293,-608,-597,-595,-597,-607,-592,-605,-609
2294,-601,-608,-597,-598,-592,-605,-606,-595
2295,-601,-599,-600,-597,-609,-599,-601,-606
2296,-601,-601,-591,-606,-591,-609,-591,-599
2297,-596,-597,-603,-603,-592,-608,-601,-605
2298,-602,-600,-606,-606,-608,-595,-598,-606
2299,-607,-592,-595,-591,-605,-605,-607,-607
2300,-592,-603,-598,-597,-599,-603,-601,-591
2301,-600,-606,-591,-594,-599,-591,-597,-592
2302,608,597,607,591,598,604,601,606
2303,607,597,592,606,602,593,596,609
2304,608,591,606,603,595,603,607,605
2305,603,599,591,595,597,596,609,604
2306,599,593,605,602,607,603,606,592
2307,609,595,607,608,597,597,607,607
2308,606,593,603,600,600,609,606,593
2309,605,601,595,598,600,606,603,594
2310,594,598,591,595,596,606,601,606
2311,593,607,596,591,594,606,591,596
2312,607,596,608,596,608,594,607,592
2313,605,605,608,593,607,605,608,593
2314,601,604,597,597,600,597,603,609
2315,-609,-608,-596,-606,-599,-592,-594,-599
2316,-600,-606,-592,-591,-600,-605,-608,-591
2317,-598,-591,-608,-599,-606,-600,-606,-604
2318,-594,-596,-601,-605,-600,-609,-595,-599
2319,-609,-593,-599,-601,-602,-606,-600,-592
2320,-597,-593,-601,-609,-597,-592,-607,-598
2321,-592,-606,-597,-600,-594,-606,-602,-598
2322,-608,-609,-597,-609,-603,-598,-606,-597
2323,-593,-594,-600,-593,-598,-593,-592,-605
2324,-595,-595,-602,-609,-598,-608,-594,-593
2325,-609,-591,-592,-608,-596,-608,-595,-604
2326,-597,-609,-603,-604,-606,-595,-597,-608
2327,-592,-597,-593,-594,-596,-596,-607,-592
2328,593,603,600,599,609,592,603,604
2329,601,593,593,605,605,607,591,593
2330,597,599,598,600,603,606,609,605
2331,603,598,603,597,593,608,592,602
2332,602,604,609,607,600,597,607,606
2333,607,609,593,609,599,592,600,606
2334,606,604,600,595,592,591,596,597
2335,599,600,606,593,595,606,602,601
2336,600,593,593,604,597,606,592,609
2337,603,591,593,607,607,597,604,596
2338,601,602,606,602,596,608,607,601
2339,593,597,608,601,597,606,605,601
2340,603,593,606,595,605,599,609,604
2341,-591,-597,-604,-606,-609,-602,-595,-595
2342,-598,-591,-591,-600,-594,-596,-597,-599
2343,-594,-606,-593,-591,-597,-607,-600,-603
2344,-601,-603,-598,-593,-607,-594,-604,-604
2345,-606,-594,-602,-596,-593,-608,-591,-591
2346,-600,-609,-602,-609,-609,-607,-597,-593
2347,-591,-601,-599,-602,-596,-601,-603,-599
2348,-595,-602,-604,-606,-605,-608,-594,-609
2349,-602,-604,-605,-593,-598,-602,-606,-592
2350,-591,-597,-596,-608,-591,-604,-591,-600
2351,-601,-601,-607,-600,-592,-599,-603,-608
2352,-597,-604,-595,-592,-591,-602,-608,-596
2353,-597,-602,-605,-595,-608,-601,-600,-599
2354,595,600,608,598,607,601,591,593
2355,592,598,605,596,609,591,593,591
2356,604,592,592,609,603,594,596,600
2357,605,597,605,606,597,593,602,591
2358,598,607,608,601,597,601,604,601
2359,592,609,595,593,600,595,607,593
2360,591,594,592,605,598,593,599,609
2361,606,601,594,605,592,592,603,598
2362,598,592,604,602,599,601,595,603
2363,596,599,597,609,592,597,603,609
2364,594,598,592,606,604,608,595,605
2365,609,602,594,591,595,593,593,591
2366,603,601,592,599,597,599,602,591
2367,-591,-591,-601,-600,-606,-592,-601,-595
2368,-609,-600,-593,-593,-599,-594,-602,-591
2369,-596,-597,-602,-603,-609,-593,-603,-601
2370,-606,-596,-603,-601,-598,-608,-594,-609
2371,-603,-600,-591,-596,-605,-596,-595,-598
2372,-594,-608,-608,-607,-591,-602,-608,-602
2373,-606,-608,-601,-595,-598,-604,-594,-594
2374,-595,-603,-605,-600,-598,-605,-591,-595
2375,-603,-598,-592,-599,-604,-605,-597,-593
2376,-602,-591,-601,-597,-601,-600,-601,-592
2377,-592,-596,-592,-596,-603,-605,-609,-606
2378,-602,-598,-603,-604,-601,-597,-606,-608
2379,-592,-591,-604,-609,-604,-601,-607,-601
2380,599,606,600,596,602,602,599,607
2381,605,597,598,601,602,609,602,607
2382,596,604,597,604,591,598,591,608
2383,603,602,598,599,599,592,597,607
2384,606,595,609,605,592,606,598,608
2385,596,595,592,591,597,608,599,604
2386,605,607,599,599,597,605,604,608
2387,595,608,600,592,608,604,598,607
2388,594,595,603,595,591,600,609,595
2389,604,595,606,606,598,601,597,601
2390,592,598,602,591,599,591,608,600
2391,602,596,594,595,606,596,608,593
2392,606,607,595,605,609,603,602,603
2393,-592,-596,-608,-603,-592,-593,-598,-602
2394,-592,-605,-597,-607,-593,-608,-597,-606
2395,-607,-592,-609,-593,-607,-604,-607,-593
2396,-608,-606,-601,-600,-592,-605,-601,-594
2397,-599,-599,-603,-592,-591,-598,-594,-606
2398,-599,-602,-606,-598,-599,-601,-596,-600
2399,-594,-605,-599,-592,-594,-605,-608,-598
2400,-605,-597,-592,-607,-592,-600,-596,-602
2401,-606,-606,-602,-604,-605,-591,-602,-607
2402,-602,-604,-605,-601,-605,-605,-593,-607
2403,-609,-606,-598,-609,-601,-606,-601,-596
2404,-596,-608,-609,-606,-606,-598,-591,-600
2405,-607,-592,-604,-601,-591,-591,-596,-591
2406,604,603,592,607,591,601,604,599
2407,606,602,603,605,606,608,592,600
2408,593,603,609,596,609,598,595,603
2409,597,602,592,605,604,591,603,605
2410,603,602,591,606,607,592,593,608
2411,595,600,600,605,597,604,592,594
2412,596,602,599,609,603,602,601,599
2413,593,602,593,608,608,598,597,592
2414,600,609,602,593,605,600,606,599
2415,598,599,595,608,604,595,592,608
2416,600,607,608,607,592,609,603,607
2417,601,607,599,595,597,598,605,592
2418,592,602,599,600,593,592,599,603
2419,-609,-599,-592,-606,-599,-609,-591,-602
2420,-598,-596,-596,-594,-601,-600,-608,-609
2421,-605,-594,-591,-595,-598,-593,-593,-606
2422,-608,-595,-597,-609,-599,-596,-600,-605
2423,-598,-595,-598,-601,-596,-603,-606,-599
2424,-592,-600,-599,-601,-601,-607,-603,-608
2425,-592,-601,-596,-601,-603,-596,-608,-602
2426,-597,-609,-594,-596,-591,-592,-595,-591
2427,-599,-598,-591,-597,-609,-605,-609,-604
2428,-597,-592,-609,-605,-606,-601,-602,-592
2429,-597,-598,-606,-597,-602,-597,-608,-598
2430,-606,-596,-603,-596,-607,-600,-600,-608
2431,-596,-607,-609,-609,-599,-598,-602,-596
2432,594,604,594,600,607,597,595,607
2433,600,604,597,591,601,594,593,603
2434,595,593,592,602,601,601,602,600
2435,601,601,604,606,603,598,604,606
2436,598,609,601,597,606,608,608,603
2437,594,597,591,601,601,608,597,595
2438,594,604,604,595,600,593,599,601
2439,608,597,609,595,602,591,609,601
2440,604,607,599,605,592,609,601,605
2441,594,596,592,594,604,602,605,591
2442,609,606,604,601,597,607,598,591
2443,591,606,592,607,602,598,598,599
2444,591,595,591,600,606,595,603,592
2445,-605,-592,-591,-598,-604,-595,-604,-593
2446,-603,-598,-602,-597,-593,-602,-605,-608
2447,-596,-594,-599,-605,-601,-606,-595,-605
2448,-594,-591,-599,-599,-597,-609,-595,-593
2449,-600,-608,-593,-608,-607,-609,-596,-598
2450,-605,-606,-600,-606,-597,-604,-594,-591
2451,-599,-595,-598,-605,-599,-607,-602,-592
2452,-597,-597,-595,-597,-591,-597,-600,-599
2453,-601,-593,-600,-592,-596,-600,-608,-605
2454,-607,-607,-598,-593,-602,-602,-609,-596
2455,-595,-599,-602,-595,-592,-606,-606,-608
2456,-602,-605,-605,-601,-593,-609,-599,-599
2457,-599,-599,-604,-595,-608,-608,-604,-602
2458,603,596,605,591,606,594,606,604
2459,596,597,598,603,606,604,608,601
2460,609,598,603,603,608,591,609,592
2461,591,602,602,607,607,592,594,596
2462,603,596,593,598,593,599,607,605
2463,604,605,592,606,593,606,602,598
2464,602,606,601,595,599,593,601,598
2465,591,598,606,607,591,596,592,597
2466,593,592,592,601,609,594,595,599
2467,603,598,594,592,609,599,599,608
2468,602,595,607,596,608,593,606,607
2469,599,606,601,591,604,596,596,595
2470,608,603,591,596,598,599,598,592
2471,-595,-604,-601,-591,-608,-603,-605,-609
2472,-606,-608,-595,-609,-594,-602,-591,-592
2473,-606,-598,-594,-591,-596,-607,-605,-598
2474,-595,-608,-604,-600,-605,-600,-593,-609
2475,-597,-602,-605,-603,-601,-597,-603,-606
2476,-602,-606,-607,-599,-607,-604,-603,-608
2477,-607,-602,-606,-592,-608,-598,-603,-592
2478,-606,-608,-592,-592,-595,-605,-593,-601
2479,-603,-593,-605,-596,-609,-609,-591,-601
2480,-601,-596,-602,-601,-592,-601,-598,-592
2481,-593,-596,-598,-606,-607,-591,-600,-598
2482,-604,-595,-600,-607,-597,-599,-609,-599
2483,-606,-609,-595,-592,-603,-606,-592,-608
2484,599,594,592,605,603,599,606,605
2485,591,601,602,603,599,609,607,597
2486,609,596,591,607,591,601,598,602
2487,594,593,605,606,600,597,607,603
2488,609,601,601,598,596,594,593,598
2489,607,594,592,608,607,599,600,604
2490,603,600,591,591,593,604,597,597
2491,592,595,607,607,608,593,604,602
2492,593,605,596,592,600,599,592,608
2493,591,591,600,601,600,591,603,594
2494,597,596,593,609,602,598,604,600
2495,595,603,596,595,608,597,602,596
2496,601,599,608,604,598,598,601,602
2497,-600,-602,-609,-607,-602,-595,-600,-600
2498,-601,-605,-607,-598,-593,-598,-603,-604
2499,-608,-599,-592,-595,-608,-593,-599,-597
2500,598,597,595,609,601,598,607,605
2501,596,606,599,595,594,595,592,596
2502,609,603,602,603,593,603,606,603
2503,-609,-598,-604,-592,-604,-609,-601,-599
2504,-604,-607,-607,-595,-598,-607,-596,-595
2505,-602,-603,-593,-602,-607,-602,-597,-594
2506,592,594,609,596,603,599,605,602
2507,594,598,601,600,609,609,593,598
2508,605,608,603,599,603,602,600,605
2509,-593,-593,-597,-593,-596,-609,-602,-600
2510,-607,-599,-595,-605,-600,-600,-605,-599
2511,-609,-596,-606,-597,-593,-598,-592,-593
2512,606,601,597,601,595,598,598,609
2513,598,601,607,594,598,591,591,592
2514,609,606,603,591,606,603,603,597
2515,-597,-600,-604,-593,-591,-597,-608,-599
2516,-603,-594,-593,-601,-592,-596,-592,-603
2517,-602,-603,-606,-605,-606,-608,-607,-600
2518,603,598,606,597,607,591,606,601
2519,595,596,609,595,594,608,605,602
2520,604,602,591,609,593,604,603,595
2521,-592,-594,-598,-599,-608,-591,-592,-591
2522,-608,-607,-606,-609,-597,-591,-598,-606
2523,-604,-607,-592,-599,-596,-609,-591,-601
2524,600,600,605,600,603,607,602,599
2525,605,597,605,597,603,609,605,602
2526,596,594,601,605,596,594,602,596
2527,-597,-592,-593,-604,-597,-609,-591,-602
2528,-601,-601,-606,-606,-595,-605,-601,-600
2529,-603,-593,-605,-607,-596,-601,-598,-595
2530,608,599,593,592,597,609,593,591
2531,607,593,606,607,592,605,608,597
2532,600,605,594,604,599,600,609,603
2533,-601,-606,-598,-601,-596,-593,-604,-596
2534,-602,-600,-603,-604,-595,-605,-605,-604
2535,-607,-608,-608,-602,-604,-599,-600,-595
2536,605,593,599,608,600,597,603,602
2537,595,603,599,606,597,601,601,596
2538,597,596,597,608,609,607,597,604
2539,-609,-591,-592,-597,-599,-594,-591,-596
2540,-599,-604,-600,-607,-607,-597,-609,-601
2541,-606,-594,-592,-608,-605,-593,-603,-598
2542,601,600,606,608,606,591,596,591
2543,593,594,609,598,591,592,594,606
2544,603,609,603,600,603,597,604,597
2545,-607,-608,-599,-608,-604,-609,-606,-597
2546,-609,-607,-605,-594,-592,-607,-592,-603
2547,-609,-597,-601,-596,-606,-609,-607,-604
2548,592,603,591,597,606,601,591,601
2549,602,598,606,603,597,609,599,597
2550,608,602,607,595,596,608,601,607
2551,-603,-593,-599,-609,-596,-595,-595,-592
2552,-603,-606,-605,-607,-595,-601,-603,-602
2553,-607,-592,-607,-597,-594,-607,-601,-606
2554,602,597,606,597,599,605,606,601
2555,591,606,606,592,608,594,595,598
2556,593,605,591,607,593,592,599,596
2557,-598,-609,-598,-599,-602,-608,-596,-605
2558,-598,-607,-604,-608,-592,-604,-595,-595
2559,-602,-602,-608,-604,-608,-591,-598,-609
2560,603,602,608,597,602,606,600,591
2561,608,608,609,600,598,599,596,593
2562,609,594,603,602,592,598,594,602
2563,-595,-591,-595,-596,-603,-604,-601,-604
2564,-591,-597,-604,-600,-603,-604,-596,-593
2565,-597,-596,-592,-597,-603,-596,-600,-594
2566,602,597,599,601,597,597,595,602
2567,606,601,591,592,600,598,602,603
2568,603,608,596,600,595,606,604,605
2569,-608,-609,-607,-606,-595,-608,-606,-596
2570,-592,-599,-604,-603,-605,-605,-594,-603
2571,-605,-605,-605,-601,-592,-597,-607,-601
2572,593,598,601,602,596,595,600,599
2573,606,604,595,607,598,602,605,601
2574,600,598,609,596,605,595,607,594
2575,-608,-595,-607,-599,-605,-605,-591,-598
2576,-603,-607,-593,-592,-598,-608,-607,-596
2577,-594,-601,-605,-600,-592,-608,-593,-591
2578,606,601,599,600,603,592,598,594
2579,604,609,605,599,591,605,596,602
2580,598,601,593,605,598,606,604,592
2581,-602,-606,-609,-605,-591,-601,-609,-606
2582,-600,-596,-595,-605,-596,-608,-607,-606
2583,-593,-603,-608,-600,-601,-591,-601,-599
2584,602,593,605,607,602,607,605,607
2585,601,597,607,607,599,592,603,596
2586,603,608,593,596,601,608,607,605
2587,-597,-607,-601,-602,-604,-608,-595,-595
2588,-601,-603,-598,-606,-591,-605,-600,-595
2589,-604,-605,-604,-594,-607,-594,-602,-603
2590,609,602,608,595,601,600,605,608
2591,606,607,599,594,608,591,604,593
2592,608,604,597,593,597,602,595,607
2593,-604,-602,-594,-599,-594,-598,-607,-592
2594,-591,-592,-598,-606,-594,-602,-602,-609
2595,-594,-599,-603,-605,-604,-598,-609,-594
2596,601,600,599,609,596,595,609,591
2597,596,607,602,594,606,607,608,595
2598,609,597,600,604,602,605,604,608
2599,-607,-594,-609,-605,-591,-596,-603,-593
2600,-596,-604,-593,-607,-593,-596,-601,-593
2601,-597,-592,-607,-594,-601,-607,-595,-609
2602,601,592,591,601,601,604,605,606
2603,601,604,598,607,593,609,600,608
2604,602,592,604,600,594,594,593,598
2605,-594,-609,-600,-593,-605,-596,-593,-597
2606,-602,-602,-607,-591,-595,-603,-605,-597
2607,-592,-592,-598,-607,-599,-599,-593,-593
2608,596,600,601,600,593,593,594,597
2609,600,606,593,599,603,591,603,604
2610,599,601,600,604,605,603,609,594
2611,-608,-598,-607,-596,-605,-609,-601,-600
2612,-603,-591,-608,-609,-602,-591,-606,-599
2613,-594,-606,-608,-604,-594,-597,-595,-603
2614,605,607,591,609,600,609,606,600
2615,601,594,593,602,606,592,604,600
2616,607,595,593,606,591,605,593,596
2617,-605,-606,-596,-600,-609,-598,-595,-591
2618,-604,-609,-609,-606,-602,-605,-597,-607
2619,-605,-593,-609,-594,-599,-593,-608,-606
2620,606,598,592,605,608,606,597,600
2621,607,599,597,593,608,603,598,608
2622,606,592,603,601,595,597,606,598
2623,-603,-594,-599,-597,-599,-597,-593,-596
2624,-591,-604,-603,-605,-603,-595,-592,-591
2625,-599,-595,-597,-604,-596,-602,-603,-595
2626,609,593,594,599,609,605,609,602
2627,599,591,605,593,596,594,595,601
2628,609,599,601,599,591,606,603,606
2629,-595,-600,-605,-603,-593,-606,-607,-604
2630,-592,-604,-596,-595,-598,-597,-605,-599
2631,-607,-603,-603,-599,-595,-604,-598,-596
2632,609,592,605,593,599,600,605,608
2633,604,594,591,591,599,594,607,601
2634,596,598,606,607,602,605,604,592
2635,-603,-606,-604,-593,-598,-598,-598,-601
2636,-597,-607,-599,-594,-593,-604,-594,-598
2637,-592,-605,-598,-608,-594,-597,-605,-599
2638,596,609,594,609,600,605,596,599
2639,598,593,595,605,591,607,605,602
2640,607,595,608,594,609,602,599,595
2641,-592,-591,-594,-593,-605,-603,-595,-594
2642,-604,-598,-597,-595,-591,-603,-599,-591
2643,-599,-609,-594,-594,-593,-604,-600,-592
2644,603,598,598,599,607,600,604,596
2645,602,607,594,599,595,605,595,593
2646,593,595,608,605,592,592,593,605
2647,-594,-593,-592,-609,-599,-593,-601,-608
2648,-605,-591,-598,-604,-601,-591,-603,-604
2649,-592,-604,-599,-593,-591,-593,-597,-593
2650,608,606,592,603,591,607,592,609
2651,594,594,599,603,592,591,593,609
2652,603,592,597,601,604,603,594,594
2653,-608,-607,-609,-594,-600,-608,-592,-604
2654,-593,-596,-602,-591,-602,-605,-600,-594
2655,-609,-608,-604,-609,-602,-609,-591,-595
2656,607,593,600,608,591,605,605,603
2657,598,600,598,603,606,602,606,596
2658,592,609,609,604,602,609,594,609
2659,-609,-606,-592,-609,-608,-606,-604,-600
2660,-604,-604,-600,-605,-598,-600,-597,-600
2661,-594,-596,-596,-608,-593,-601,-603,-604
2662,606,597,603,591,605,600,597,593
2663,601,596,600,603,602,609,596,600
2664,594,592,607,606,598,603,607,601
2665,-604,-592,-596,-607,-606,-609,-596,-604
2666,-599,-598,-606,-598,-594,-606,-592,-607
2667,-596,-607,-594,-607,-596,-603,-596,-597
2668,604,604,596,594,605,604,599,598
2669,594,594,605,593,601,602,598,595
2670,608,602,597,608,592,591,595,594
2671,-593,-605,-604,-608,-608,-591,-599,-601
2672,-600,-607,-605,-591,-606,-597,-600,-602
2673,-607,-608,-600,-595,-596,-606,-608,-598
2674,598,607,593,609,591,596,597,595
2675,600,604,597,592,597,604,597,607
2676,598,596,591,597,595,601,606,602
2677,-600,-602,-592,-609,-603,-605,-597,-606
2678,-597,-598,-597,-592,-600,-593,-603,-597
2679,-603,-593,-603,-596,-609,-594,-593,-592
2680,598,594,598,602,602,609,603,607
2681,603,593,609,602,597,597,608,608
2682,595,605,600,604,600,609,604,608
2683,-599,-599,-591,-605,-598,-596,-595,-601
2684,-609,-606,-598,-605,-596,-593,-598,-608
2685,-597,-601,-599,-594,-592,-592,-599,-595
2686,600,609,604,594,592,604,591,607
2687,608,593,601,601,600,595,608,595
2688,597,604,591,607,599,592,609,608
2689,-605,-595,-592,-597,-593,-608,-607,-606
2690,-591,-592,-606,-598,-608,-593,-599,-595
2691,-598,-606,-596,-605,-602,-596,-608,-604
2692,601,594,594,609,605,605,594,592
2693,606,597,608,592,595,606,599,601
2694,592,609,608,593,593,599,596,603
2695,-607,-594,-602,-606,-599,-605,-598,-605
2696,-608,-601,-602,-600,-608,-609,-603,-602
2697,-607,-591,-608,-595,-609,-606,-593,-593
2698,604,601,604,604,595,606,596,609
2699,597,591,607,602,594,603,591,601
2700,600,609,606,608,595,608,602,592
2701,-603,-597,-593,-603,-600,-609,-604,-597
2702,-597,-601,-593,-607,-599,-592,-597,-606
2703,-601,-603,-597,-608,-595,-603,-607,-596
2704,608,597,604,600,606,599,607,592
2705,607,602,605,599,600,597,607,592
2706,594,593,606,603,596,609,602,608
2707,-597,-594,-604,-594,-609,-608,-605,-597
2708,-604,-594,-600,-603,-593,-592,-595,-607
2709,-599,-592,-600,-609,-594,-593,-598,-594
2710,592,593,593,592,606,594,603,606
2711,595,591,596,597,609,592,595,597
2712,605,603,592,592,594,595,602,603
2713,-593,-600,-600,-602,-606,-593,-601,-600
2714,-603,-597,-606,-591,-599,-603,-601,-604
2715,-602,-601,-601,-593,-599,-602,-605,-592
2716,603,601,593,599,597,602,593,607
2717,603,607,606,606,595,596,600,603
2718,599,597,600,593,597,601,609,606
2719,-595,-595,-605,-598,-598,-594,-592,-601
2720,-601,-606,-600,-596,-597,-593,-594,-602
2721,-594,-609,-607,-592,-605,-604,-600,-596
2722,592,599,598,606,600,601,603,603
2723,596,600,604,592,609,596,594,595
2724,594,596,600,603,595,605,600,601
2725,-600,-606,-595,-591,-609,-595,-609,-602
2726,-608,-603,-609,-608,-608,-591,-598,-595
2727,-592,-602,-604,-607,-609,-593,-607,-606
2728,591,609,602,600,608,598,592,593
2729,609,593,591,608,598,605,601,608
2730,594,604,596,607,602,593,591,607
2731,-603,-596,-603,-604,-595,-602,-607,-595
2732,-602,-596,-596,-603,-609,-602,-606,-591
2733,-601,-594,-606,-609,-596,-602,-601,-594
2734,608,596,609,595,596,608,599,605
2735,600,596,601,592,593,606,604,591
2736,600,591,595,592,596,599,606,603
2737,-593,-596,-594,-593,-591,-604,-591,-606
2738,-596,-599,-604,-601,-593,-593,-593,-603
2739,-601,-607,-605,-597,-597,-599,-609,-592
2740,592,605,598,599,594,605,592,594
2741,606,601,600,598,605,594,596,597
2742,593,596,608,601,605,593,609,607
2743,-593,-607,-603,-606,-607,-607,-608,-603
2744,-608,-599,-606,-603,-604,-605,-595,-591
2745,-592,-605,-608,-600,-605,-599,-601,-593
2746,602,597,604,605,595,593,600,598
2747,593,591,606,594,602,607,605,591
2748,608,596,599,606,603,604,604,594
2749,-594,-593,-602,-595,-593,-609,-603,-592
2750,599,596,603,600,608,608,595,591
2751,596,606,595,593,605,601,595,604
2752,608,597,593,599,598,602,594,604
2753,600,605,602,605,603,604,594,595
2754,599,598,600,602,595,607,598,602
2755,-601,-598,-607,-600,-606,-596,-594,-597
2756,-599,-602,-609,-592,-602,-597,-594,-593
2757,-598,-608,-607,-608,-604,-601,-591,-601
2758,-592,-592,-599,-600,-596,-599,-605,-595
2759,-597,-594,-602,-607,-602,-596,-601,-609
2760,599,600,591,599,609,595,596,604
2761,594,601,599,595,603,608,597,599
2762,591,601,600,604,609,602,591,600
2763,598,609,606,606,600,597,595,602
2764,606,605,607,592,601,609,598,604
2765,-605,-601,-605,-600,-598,-593,-601,-596
2766,-595,-591,-599,-592,-596,-606,-600,-605
2767,-595,-599,-599,-596,-592,-606,-599,-608
2768,-591,-591,-602,-609,-597,-601,-599,-602
2769,-600,-593,-605,-602,-599,-593,-603,-598
2770,591,602,605,597,599,593,598,606
2771,595,600,604,608,609,602,609,603
2772,606,609,602,602,601,601,597,605
2773,591,606,593,593,601,602,596,605
2774,594,601,595,603,592,607,607,606
2775,-591,-597,-596,-592,-599,-601,-591,-593
2776,-596,-597,-597,-596,-591,-607,-603,-594
2777,-599,-594,-605,-598,-605,-599,-594,-596
2778,-601,-604,-591,-602,-604,-594,-595,-599
2779,-607,-595,-604,-600,-593,-591,-592,-595
2780,608,608,606,597,598,596,607,597
2781,594,602,600,603,594,602,609,595
2782,595,603,598,601,607,596,604,605
2783,601,598,599,599,604,608,592,591
2784,600,604,594,597,598,605,602,601
2785,-609,-601,-593,-606,-599,-594,-609,-609
2786,-594,-593,-602,-597,-609,-598,-603,-598
2787,-607,-603,-599,-606,-601,-601,-599,-606
2788,-608,-597,-591,-602,-597,-605,-603,-609
2789,-593,-594,-598,-609,-601,-603,-600,-609
2790,596,594,604,604,598,597,591,609
2791,592,595,608,594,598,601,605,592
2792,592,600,595,603,596,604,595,593
2793,594,598,601,591,595,593,599,592
2794,596,601,607,607,598,604,607,594
2795,-598,-591,-600,-606,-594,-591,-592,-602
2796,-607,-605,-600,-607,-606,-595,-607,-598
2797,-601,-602,-598,-602,-599,-592,-600,-598
2798,-592,-604,-606,-601,-599,-606,-609,-592
2799,-591,-592,-599,-604,-593,-592,-593,-607
2800,592,597,604,609,596,596,603,609
2801,607,601,608,596,602,601,600,602
2802,607,599,593,609,599,601,598,603
2803,605,604,596,602,591,598,609,606
2804,601,608,597,600,604,593,593,606
2805,-592,-594,-591,-593,-592,-597,-600,-603
2806,-591,-595,-597,-596,-594,-605,-599,-604
2807,-598,-601,-591,-606,-597,-606,-600,-605
2808,-608,-594,-603,-606,-604,-602,-598,-607
2809,-606,-609,-593,-597,-605,-609,-594,-591
2810,595,596,607,600,593,607,600,598
2811,593,606,592,606,598,594,602,605
2812,597,601,599,603,602,600,594,603
2813,600,607,591,606,602,600,602,595
2814,607,601,596,609,602,593,596,591
2815,-604,-609,-601,-593,-600,-602,-603,-603
2816,-605,-596,-606,-595,-596,-594,-609,-593
2817,-594,-605,-606,-594,-604,-595,-591,-595
2818,-592,-609,-591,-598,-592,-598,-609,-591
2819,-595,-594,-593,-595,-594,-597,-604,-594
2820,593,595,608,605,592,603,597,603
2821,597,601,604,593,601,608,594,593
2822,602,602,599,591,607,593,595,604
2823,601,606,593,595,605,601,596,596
2824,596,605,606,593,596,596,599,597
2825,-609,-601,-598,-598,-606,-599,-607,-594
2826,-596,-606,-597,-603,-591,-592,-601,-593
2827,-603,-606,-604,-603,-602,-601,-602,-601
2828,-595,-597,-600,-607,-597,-598,-591,-591
2829,-594,-601,-593,-596,-604,-609,-593,-606
2830,599,598,592,600,594,592,596,599
2831,600,595,605,593,591,607,601,607
2832,607,596,599,608,596,599,597,591
2833,603,595,605,601,601,593,591,601
2834,603,595,609,609,602,609,605,594
2835,-595,-605,-599,-597,-599,-608,-605,-608
2836,-609,-608,-593,-608,-608,-598,-597,-609
2837,-605,-602,-592,-598,-592,-607,-594,-601
2838,-605,-609,-608,-609,-596,-603,-592,-598
2839,-606,-598,-603,-604,-594,-594,-593,-607
2840,595,606,600,604,596,600,592,608
2841,600,604,601,597,609,605,609,603
2842,598,594,602,592,599,593,601,608
2843,607,609,605,592,595,596,591,597
2844,596,591,601,605,597,600,607,605
2845,-600,-600,-599,-593,-606,-606,-594,-599
2846,-602,-594,-605,-608,-600,-598,-606,-607
2847,-599,-594,-601,-596,-593,-594,-592,-597
2848,-606,-593,-609,-597,-608,-592,-604,-591
2849,-599,-598,-601,-604,-604,-603,-599,-602
2850,593,591,593,605,597,609,604,603
2851,598,607,596,601,597,606,595,594
2852,593,608,592,609,598,598,604,592
2853,592,605,604,598,609,603,608,604
2854,602,597,602,592,607,605,592,602
2855,-600,-609,-599,-591,-599,-606,-604,-597
2856,-594,-607,-604,-594,-597,-601,-600,-609
2857,-595,-599,-594,-604,-599,-603,-592,-598
2858,-603,-604,-608,-595,-602,-608,-597,-599
2859,-603,-608,-595,-604,-603,-605,-605,-602
2860,599,593,593,592,591,596,606,606
2861,591,605,601,598,607,603,592,592
2862,605,605,593,604,591,603,606,593
2863,605,609,605,601,593,593,600,608
2864,592,602,606,600,604,604,594,594
2865,-591,-608,-597,-594,-595,-595,-594,-596
2866,-608,-608,-600,-609,-604,-593,-602,-596
2867,-604,-592,-596,-608,-598,-595,-603,-602
2868,-597,-592,-602,-597,-609,-607,-594,-603
2869,-603,-609,-606,-591,-591,-606,-601,-609
2870,604,594,604,595,606,597,601,592
2871,605,609,598,601,605,606,609,606
2872,595,600,591,596,598,602,591,606
2873,602,597,594,602,600,602,607,598
2874,596,599,605,605,603,604,607,605
2875,-602,-596,-605,-604,-607,-607,-601,-594
2876,-601,-607,-608,-598,-596,-595,-600,-591
2877,-599,-604,-591,-601,-591,-594,-606,-606
2878,-605,-592,-607,-594,-604,-600,-597,-602
2879,-595,-598,-603,-604,-599,-597,-596,-598
2880,605,596,609,597,601,595,603,594
2881,597,604,607,602,608,598,591,608
2882,607,597,605,599,603,595,602,603
2883,592,609,592,607,599,592,609,602
2884,593,607,597,591,603,608,609,602
2885,-594,-592,-594,-601,-594,-602,-598,-601
2886,-597,-593,-595,-593,-595,-609,-607,-597
2887,-604,-603,-601,-597,-600,-592,-591,-600
2888,-602,-602,-592,-609,-606,-609,-591,-594
2889,-594,-594,-608,-596,-608,-598,-602,-607
2890,602,603,591,599,592,609,604,601
2891,597,593,606,597,591,600,597,601
2892,607,606,608,608,604,603,601,592
2893,594,606,595,593,604,603,604,602
2894,601,601,608,598,593,592,607,596
2895,-600,-598,-601,-606,-599,-599,-604,-598
2896,-601,-595,-596,-609,-592,-592,-602,-601
2897,-600,-599,-600,-608,-597,-598,-608,-595
2898,-599,-594,-604,-608,-592,-609,-606,-606
2899,-602,-605,-597,-606,-592,-604,-606,-608
2900,593,608,593,595,596,607,600,592
2901,609,600,591,596,599,596,603,598
2902,599,604,593,597,607,592,603,597
2903,598,591,597,602,601,597,604,596
2904,606,609,606,595,597,600,603,606
2905,-593,-596,-591,-595,-599,-603,-602,-606
2906,-597,-593,-605,-593,-594,-601,-597,-605
2907,-601,-599,-608,-608,-607,-606,-596,-600
2908,-592,-609,-593,-593,-602,-595,-591,-598
2909,-608,-602,-600,-605,-596,-593,-605,-595
2910,605,603,607,594,604,603,608,599
2911,602,607,604,595,608,591,596,594
2912,597,600,595,593,594,601,591,600
2913,595,597,597,598,608,598,608,603
2914,600,599,605,596,602,600,596,596
2915,-599,-598,-595,-603,-600,-605,-602,-602
2916,-593,-599,-604,-593,-592,-608,-602,-605
2917,-604,-606,-592,-598,-601,-605,-607,-598
2918,-600,-603,-600,-609,-591,-608,-604,-594
2919,-603,-592,-609,-597,-603,-598,-592,-601
2920,592,604,608,599,601,593,598,597
2921,601,592,609,607,600,594,599,597
2922,607,605,592,604,592,592,594,600
2923,604,594,603,593,594,604,602,595
2924,606,607,599,603,592,600,592,592
2925,-603,-595,-600,-599,-593,-594,-597,-608
2926,-592,-599,-597,-593,-599,-600,-597,-605
2927,-608,-598,-602,-609,-602,-598,-601,-605
2928,-603,-598,-596,-600,-603,-599,-599,-607
2929,-603,-607,-606,-597,-604,-601,-608,-597
2930,593,608,595,599,601,602,604,596
2931,600,609,609,602,595,599,603,593
2932,607,595,597,599,608,596,596,595
2933,601,603,609,594,605,608,609,607
2934,594,592,595,596,602,603,606,598
2935,-607,-605,-601,-601,-598,-593,-597,-599
2936,-596,-608,-608,-606,-594,-609,-606,-599
2937,-609,-597,-606,-594,-606,-594,-601,-597
2938,-592,-604,-592,-596,-597,-607,-607,-597
2939,-595,-592,-594,-601,-604,-592,-595,-609
2940,592,594,594,606,593,609,594,603
2941,593,609,604,594,593,600,601,602
2942,598,607,597,606,600,607,607,596
2943,594,598,605,607,598,599,607,597
2944,597,602,591,597,592,591,602,607
2945,-604,-603,-601,-591,-609,-607,-594,-599
2946,-607,-600,-596,-598,-592,-598,-591,-593
2947,-599,-605,-605,-604,-605,-601,-602,-593
2948,-596,-607,-594,-606,-604,-591,-606,-605
2949,-599,-603,-598,-600,-604,-609,-602,-599
2950,607,601,591,607,595,598,605,592
2951,598,601,607,608,599,597,597,600
2952,596,595,594,597,600,602,591,602
2953,598,606,604,598,607,595,609,601
2954,601,605,599,607,599,601,609,598
2955,-599,-603,-606,-597,-599,-603,-592,-601
2956,-604,-595,-598,-592,-599,-604,-604,-594
2957,-605,-608,-599,-604,-608,-598,-594,-607
2958,-605,-598,-592,-595,-596,-596,-602,-598
2959,-605,-607,-607,-596,-609,-595,-592,-601
2960,607,602,604,607,604,598,607,594
2961,607,603,602,600,598,593,591,592
2962,601,607,601,593,595,605,607,603
2963,603,596,607,603,602,592,603,594
2964,602,591,595,596,597,607,598,605
2965,-601,-591,-604,-597,-604,-605,-591,-608
2966,-591,-595,-605,-595,-602,-605,-592,-599
2967,-608,-595,-605,-609,-591,-593,-609,-599
2968,-597,-604,-602,-601,-592,-591,-593,-597
2969,-607,-591,-603,-596,-594,-607,-598,-601
2970,599,600,604,608,608,602,601,597
2971,604,597,604,591,604,606,606,598
2972,603,592,595,606,597,601,591,592
2973,599,593,606,596,596,600,591,604
2974,600,591,599,604,591,596,598,607
2975,-593,-609,-608,-606,-609,-602,-603,-595
2976,-607,-595,-598,-598,-592,-607,-591,-598
2977,-599,-594,-608,-603,-591,-601,-598,-604
2978,-601,-591,-607,-602,-603,-609,-599,-609
2979,-607,-609,-595,-609,-608,-593,-593,-597
2980,605,598,593,602,599,599,608,596
2981,597,608,605,593,591,601,596,601
2982,600,603,608,604,608,599,593,599
2983,606,592,600,592,595,609,593,596
2984,604,592,602,598,605,595,592,595
2985,-596,-600,-606,-592,-592,-593,-599,-595
2986,-609,-594,-596,-605,-598,-599,-597,-606
2987,-605,-601,-597,-593,-606,-593,-606,-607
2988,-608,-591,-604,-609,-600,-593,-602,-592
2989,-605,-599,-604,-597,-596,-606,-608,-595
2990,595,606,602,598,609,601,597,598
2991,604,609,595,601,594,594,595,601
2992,604,601,608,599,598,596,608,596
2993,606,595,603,602,591,599,606,596
2994,601,593,606,605,598,609,607,602
2995,-592,-597,-605,-603,-608,-597,-608,-593
2996,-602,-602,-596,-609,-592,-595,-602,-597
2997,-602,-605,-600,-603,-595,-609,-605,-609
2998,-593,-592,-602,-602,-597,-591,-593,-595
2999,-592,-602,-604,-609,-609,-600,-602,-604
3000,591,592,603,591,591,600,602,593
3001,602,606,591,593,606,593,598,601
3002,609,603,606,594,603,603,599,608
3003,598,608,609,593,592,597,605,601
3004,598,601,602,593,598,603,598,594
3005,592,598,592,594,608,591,601,591
3006,600,602,592,594,604,592,592,594
3007,598,601,601,593,601,609,596,598
3008,-607,-607,-606,-592,-607,-603,-609,-596
3009,-601,-604,-601,-601,-607,-607,-593,-600
3010,-599,-603,-604,-598,-605,-599,-598,-608
3011,-609,-601,-599,-593,-602,-604,-609,-608
3012,-596,-606,-594,-595,-607,-604,-594,-596
3013,-602,-603,-598,-607,-595,-597,-596,-598
3014,-601,-594,-596,-606,-601,-608,-604,-606
3015,-603,-598,-606,-594,-595,-604,-593,-601
3016,599,605,605,601,598,607,599,601
3017,608,596,609,599,598,608,604,602
3018,604,604,592,599,608,607,605,601
3019,606,609,602,605,606,599,602,602
3020,607,609,598,609,597,591,603,604
3021,592,591,602,603,594,591,597,608
3022,603,604,608,605,592,593,598,595
3023,601,609,596,607,608,603,596,601
3024,-604,-604,-592,-605,-607,-609,-604,-602
3025,-605,-609,-605,-604,-605,-593,-603,-591
3026,-600,-599,-592,-591,-602,-596,-598,-595
3027,-596,-605,-597,-598,-608,-591,-607,-593
3028,-604,-593,-597,-609,-608,-601,-600,-592
3029,-607,-604,-593,-605,-598,-607,-591,-609
3030,-604,-603,-592,-594,-601,-603,-593,-596
3031,-608,-604,-600,-602,-593,-599,-591,-596
3032,601,602,605,607,601,592,608,596
3033,606,603,593,591,608,602,598,596
3034,595,595,600,605,608,599,592,598
3035,600,600,600,592,606,603,606,594
3036,597,604,594,599,591,592,594,609
3037,592,607,591,607,592,601,591,601
3038,605,592,606,594,602,597,593,601
3039,600,593,598,598,604,604,602,595
3040,-602,-600,-597,-592,-595,-594,-597,-600
3041,-603,-593,-607,-604,-592,-603,-607,-594
3042,-607,-608,-608,-592,-609,-609,-603,-603
3043,-604,-591,-600,-607,-592,-593,-607,-607
3044,-597,-604,-595,-597,-595,-597,-601,-601
3045,-608,-607,-596,-594,-599,-607,-605,-609
3046,-601,-594,-603,-604,-606,-602,-601,-591
3047,-602,-597,-594,-608,-595,-607,-601,-597
3048,601,592,607,606,606,602,591,607
3049,592,609,596,596,603,607,604,604
3050,609,608,593,606,606,603,607,599
3051,604,598,602,603,600,607,599,607
3052,598,608,606,598,599,595,596,606
3053,594,609,592,608,607,596,594,596
3054,601,598,599,606,605,609,605,599
3055,594,602,606,609,603,597,603,598
3056,-603,-598,-598,-593,-603,-601,-594,-600
3057,-599,-593,-592,-593,-601,-605,-600,-595
3058,-594,-605,-595,-601,-591,-601,-597,-607
3059,-596,-600,-609,-595,-591,-606,-608,-607
3060,-609,-605,-597,-605,-606,-602,-604,-594
3061,-596,-592,-592,-604,-606,-603,-608,-596
3062,-604,-593,-609,-603,-600,-594,-606,-603
3063,-592,-598,-608,-607,-593,-606,-603,-600
3064,603,603,602,596,607,607,592,605
3065,594,609,601,604,594,598,594,596
3066,596,598,603,603,599,605,609,604
3067,599,601,607,600,609,608,595,595
3068,595,598,594,604,609,596,596,592
3069,607,598,595,596,600,595,591,608
3070,598,602,607,604,605,602,599,602
3071,595,608,594,595,607,598,600,608
3072,-597,-596,-592,-598,-593,-609,-595,-592
3073,-597,-602,-609,-600,-602,-599,-597,-605
3074,-604,-603,-596,-598,-595,-605,-609,-607
3075,-591,-608,-600,-607,-596,-595,-602,-595
3076,-604,-593,-593,-598,-596,-596,-596,-600
3077,-594,-602,-604,-594,-595,-607,-602,-607
3078,-593,-600,-603,-597,-599,-599,-593,-607
3079,-597,-609,-598,-593,-604,-598,-608,-593
3080,592,600,600,600,598,596,598,606
3081,608,598,604,592,599,594,592,605
3082,595,596,605,603,597,598,601,607
3083,609,607,601,607,603,603,608,601
3084,592,596,593,608,608,603,594,608
3085,602,607,602,605,607,605,593,600
3086,603,591,592,601,605,594,597,597
3087,609,603,592,600,605,598,601,592
3088,-605,-597,-606,-597,-596,-597,-601,-605
3089,-594,-593,-592,-604,-609,-597,-593,-591
3090,-605,-609,-605,-601,-599,-603,-592,-603
3091,-609,-598,-599,-594,-606,-601,-607,-591
3092,-603,-591,-592,-591,-597,-608,-597,-609
3093,-593,-604,-592,-606,-605,-594,-601,-602
3094,-592,-591,-591,-591,-593,-599,-603,-597
3095,-599,-607,-604,-599,-601,-605,-596,-604
3096,591,598,592,609,598,603,609,607
3097,605,602,607,594,591,596,609,607
3098,607,602,606,607,603,599,598,601
3099,596,601,596,604,596,608,595,604
3100,593,592,594,608,596,593,596,606
3101,600,599,602,599,595,601,605,599
3102,592,603,593,592,602,609,602,597
3103,597,604,606,591,605,594,601,599
3104,-604,-599,-599,-592,-593,-601,-599,-591
3105,-601,-597,-609,-602,-604,-592,-597,-602
3106,-596,-598,-608,-603,-600,-603,-606,-608
3107,-600,-598,-607,-594,-600,-595,-596,-597
3108,-596,-602,-609,-599,-602,-592,-594,-606
3109,-597,-597,-592,-594,-600,-601,-601,-599
3110,-594,-591,-604,-604,-598,-596,-595,-598
3111,-605,-606,-601,-594,-608,-605,-603,-602
3112,592,594,601,595,607,592,599,592
3113,600,597,593,606,594,591,605,604
3114,595,596,594,596,601,601,591,599
3115,597,594,597,597,609,608,608,609
3116,596,595,607,601,599,599,595,596
3117,604,594,598,606,601,596,593,594
3118,591,599,604,596,599,608,604,595
3119,603,596,609,605,609,602,595,608
3120,-596,-605,-605,-592,-603,-600,-602,-598
3121,-602,-606,-607,-605,-602,-597,-591,-605
3122,-607,-602,-605,-597,-594,-606,-598,-596
3123,-596,-603,-594,-608,-595,-605,-593,-602
3124,-604,-605,-609,-599,-599,-597,-594,-606
3125,-597,-593,-608,-593,-600,-596,-591,-596
3126,-592,-607,-591,-597,-604,-603,-592,-604
3127,-603,-596,-609,-604,-604,-607,-603,-602
3128,605,609,592,594,600,596,606,608
3129,602,603,602,592,600,605,603,597
3130,591,603,595,597,595,609,601,607
3131,605,603,597,604,606,606,598,595
3132,605,595,598,604,604,598,604,600
3133,604,606,604,609,604,609,593,599
3134,595,604,594,608,600,596,606,604
3135,601,609,600,591,606,607,603,605
3136,-602,-606,-595,-593,-594,-605,-604,-591
3137,-601,-594,-609,-604,-591,-605,-596,-598
3138,-600,-609,-595,-601,-597,-594,-596,-606
3139,-598,-603,-592,-593,-609,-609,-597,-595
3140,-604,-603,-607,-600,-606,-608,-603,-594
3141,-597,-609,-606,-595,-607,-592,-598,-604
3142,-591,-608,-602,-607,-608,-603,-603,-602
3143,-600,-598,-598,-605,-606,-607,-601,-599
3144,609,602,595,597,609,592,598,608
3145,607,609,605,599,595,594,602,607
3146,603,604,603,591,594,596,594,600
3147,607,594,607,605,601,606,591,605
3148,605,601,596,602,599,598,591,602
3149,602,592,597,592,609,609,591,597
3150,592,605,595,603,595,597,592,605
3151,609,603,604,592,591,606,595,601
3152,-606,-606,-597,-604,-598,-601,-599,-605
3153,-602,-591,-607,-603,-598,-603,-595,-605
3154,-605,-594,-597,-602,-593,-600,-591,-593
3155,-594,-593,-596,-600,-595,-603,-594,-603
3156,-598,-600,-606,-604,-598,-598,-609,-592
3157,-594,-594,-591,-597,-603,-607,-605,-603
3158,-609,-594,-592,-608,-594,-603,-600,-605
3159,-603,-601,-594,-591,-600,-602,-595,-601
3160,608,594,594,608,602,601,600,595
3161,599,609,591,604,603,603,606,591
3162,600,598,593,598,602,593,591,603
3163,602,603,595,593,596,592,595,593
3164,594,597,592,592,609,601,606,605
3165,607,597,592,607,596,603,604,608
3166,608,595,595,601,594,591,603,598
3167,595,601,600,595,604,596,591,607
3168,-597,-608,-607,-608,-595,-593,-606,-599
3169,-596,-609,-592,-606,-599,-597,-609,-606
3170,-609,-608,-597,-593,-598,-594,-593,-595
3171,-591,-601,-607,-592,-609,-609,-595,-602
3172,-601,-593,-608,-595,-594,-603,-606,-609
3173,-605,-597,-598,-597,-602,-609,-601,-604
3174,-601,-604,-605,-606,-603,-598,-593,-607
3175,-606,-607,-598,-601,-603,-607,-597,-603
3176,606,595,599,593,605,593,593,591
3177,599,592,594,609,591,600,607,595
3178,602,604,604,600,609,592,608,597
3179,602,603,591,605,605,606,599,608
3180,595,592,602,591,609,603,605,600
3181,609,591,591,594,601,597,592,602
3182,600,593,601,609,594,608,591,608
3183,609,595,594,599,609,606,593,596
3184,-609,-591,-609,-595,-592,-591,-594,-595
3185,-606,-596,-594,-592,-602,-599,-595,-605
3186,-604,-595,-608,-598,-608,-596,-599,-600
3187,-602,-597,-607,-595,-592,-598,-605,-594
3188,-603,-605,-591,-594,-606,-608,-594,-592
3189,-602,-598,-594,-593,-593,-598,-607,-605
3190,-604,-606,-602,-606,-606,-596,-598,-601
3191,-591,-593,-605,-604,-607,-600,-593,-601
3192,607,607,608,594,605,602,602,599
3193,597,591,597,604,595,605,597,601
3194,591,596,592,591,606,605,591,601
3195,594,604,601,602,605,607,591,598
3196,593,601,605,603,599,599,600,602
3197,598,600,609,605,604,598,604,606
3198,607,592,607,609,598,609,597,597
3199,606,608,591,609,595,595,608,592
3200,-600,-596,-593,-599,-601,-600,-607,-609
3201,-604,-608,-592,-609,-602,-603,-606,-601
3202,-596,-599,-591,-598,-595,-594,-606,-595
3203,-596,-596,-591,-604,-593,-592,-604,-593
3204,-599,-601,-595,-597,-609,-599,-605,-607
3205,-595,-596,-608,-601,-603,-599,-593,-599
3206,-598,-595,-596,-595,-600,-604,-599,-594
3207,-609,-599,-609,-595,-604,-609,-600,-596
3208,603,595,599,608,609,604,608,591
3209,602,594,596,604,608,605,599,605
3210,593,599,608,604,609,592,606,596
3211,609,592,598,609,591,592,592,605
3212,605,608,598,600,605,604,597,602
3213,608,600,597,599,597,600,594,596
3214,598,604,601,601,591,593,599,597
3215,598,600,609,606,601,592,593,593
3216,-591,-608,-593,-591,-597,-599,-595,-606
3217,-600,-593,-602,-598,-607,-608,-593,-592
3218,-603,-602,-609,-598,-606,-603,-592,-599
3219,-593,-606,-604,-594,-604,-600,-603,-607
3220,-592,-598,-604,-607,-596,-593,-595,-607
3221,-594,-609,-606,-600,-601,-605,-593,-596
3222,-595,-609,-592,-604,-601,-592,-600,-592
3223,-604,-608,-593,-606,-605,-605,-592,-609
3224,604,606,601,608,604,595,591,601
3225,604,602,593,592,609,601,605,608
3226,609,606,596,601,596,603,599,601
3227,608,609,600,606,609,609,603,609
3228,597,597,591,605,601,607,609,603
3229,597,592,602,609,591,591,604,599
3230,593,591,609,593,607,609,593,601
3231,597,607,609,601,598,607,607,591
3232,-597,-605,-593,-605,-592,-605,-609,-602
3233,-592,-607,-591,-607,-599,-595,-602,-596
3234,-592,-604,-604,-591,-600,-598,-592,-606
3235,-606,-591,-609,-598,-604,-606,-607,-606
3236,-603,-599,-608,-607,-599,-594,-602,-595
3237,-597,-591,-593,-594,-602,-603,-602,-602
3238,-606,-604,-596,-600,-605,-599,-604,-595
3239,-608,-603,-608,-600,-602,-591,-599,-597
3240,595,592,605,591,603,596,596,601
3241,605,604,609,596,603,593,601,599
3242,596,604,607,602,608,592,605,603
3243,597,596,600,598,604,598,600,608
3244,592,602,607,609,607,591,597,602
3245,606,609,594,594,598,596,601,604
3246,606,609,593,604,593,599,601,603
3247,596,608,596,600,600,599,600,591
3248,-595,-591,-595,-605,-605,-603,-592,-594
3249,-602,-592,-595,-602,-592,-608,-597,-592
3250,593,594,605,592,595,594,603,597
3251,596,596,599,609,596,600,604,608
3252,591,592,597,607,595,593,605,607
3253,599,602,596,600,593,607,591,592
3254,607,594,599,598,591,599,598,609
3255,591,608,608,603,607,605,593,600
3256,593,600,596,599,600,596,603,594
3257,608,601,602,593,595,607,591,605
3258,605,599,597,608,598,609,607,602
3259,607,595,603,591,603,601,597,594
3260,607,594,605,591,591,609,593,595
3261,599,608,607,606,603,597,602,606
3262,599,601,605,591,603,600,601,603
3263,-599,-599,-605,-598,-604,-597,-601,-609
3264,-606,-607,-602,-594,-592,-598,-601,-598
3265,-609,-597,-592,-600,-607,-596,-605,-598
3266,-602,-595,-600,-598,-605,-609,-598,-603
3267,-594,-609,-600,-593,-596,-604,-600,-604
3268,-599,-603,-598,-599,-601,-604,-599,-598
3269,-591,-604,-593,-596,-592,-606,-591,-607
3270,-605,-603,-607,-596,-597,-593,-597,-592
3271,-608,-603,-609,-598,-595,-601,-602,-594
3272,-604,-605,-597,-608,-599,-603,-594,-598
3273,-591,-606,-601,-596,-591,-608,-595,-598
3274,-594,-597,-608,-606,-593,-605,-591,-602
3275,-601,-608,-598,-603,-605,-598,-592,-596
3276,608,595,608,599,591,599,603,605
3277,598,596,599,591,599,594,605,600
3278,593,598,607,605,602,604,608,601
3279,598,603,604,600,607,591,599,596
3280,599,606,596,607,591,606,601,596
3281,602,604,594,595,599,591,591,607
3282,598,596,600,596,603,598,596,594
3283,604,592,606,595,596,592,595,594
3284,605,606,604,591,600,591,604,593
3285,591,605,604,601,597,609,606,603
3286,603,599,600,593,596,605,607,608
3287,601,594,609,597,593,601,598,594
3288,595,605,604,605,594,595,598,603
3289,-596,-603,-597,-594,-601,-594,-597,-602
3290,-607,-603,-601,-607,-593,-606,-606,-596
3291,-608,-603,-592,-592,-593,-595,-591,-609
3292,-601,-605,-593,-601,-599,-599,-599,-597
3293,-595,-594,-603,-598,-597,-600,-598,-593
3294,-599,-594,-594,-591,-594,-603,-606,-597
3295,-594,-607,-596,-607,-591,-608,-605,-602
3296,-607,-593,-591,-592,-606,-602,-598,-597
3297,-604,-607,-603,-608,-594,-609,-592,-601
3298,-593,-595,-600,-600,-603,-599,-600,-599
3299,-591,-609,-591,-596,-594,-596,-591,-606
3300,-605,-604,-599,-606,-595,-607,-598,-598
3301,-595,-601,-598,-607,-603,-605,-607,-602
3302,600,605,607,604,593,604,594,596
3303,592,597,598,599,592,602,601,600
3304,607,607,603,598,598,604,604,600
3305,596,598,609,608,602,605,596,607
3306,605,599,606,605,601,604,597,607
3307,604,608,608,605,609,594,608,605
3308,603,603,606,595,596,592,600,605
3309,604,595,597,603,595,609,591,603
3310,605,599,609,597,593,591,599,609
3311,599,594,593,599,604,597,607,608
3312,605,592,609,594,605,593,601,608
3313,607,597,594,606,593,598,594,605
3314,594,600,606,608,606,599,598,592
3315,-599,-602,-604,-605,-596,-596,-607,-593
3316,-600,-598,-604,-599,-605,-603,-606,-593
3317,-604,-609,-597,-592,-607,-609,-594,-608
3318,-606,-591,-591,-594,-597,-603,-601,-596
3319,-604,-609,-605,-599,-596,-595,-598,-596
3320,-602,-596,-609,-600,-606,-593,-601,-604
3321,-594,-595,-593,-594,-603,-592,-605,-607
3322,-601,-604,-606,-594,-595,-595,-598,-606
3323,-591,-602,-606,-607,-597,-602,-607,-594
3324,-607,-591,-592,-597,-605,-601,-607,-605
3325,-609,-592,-605,-591,-608,-591,-604,-604
3326,-600,-604,-609,-598,-608,-603,-592,-600
3327,-605,-602,-604,-608,-600,-591,-595,-607
3328,595,602,600,594,599,605,598,607
3329,606,598,606,601,597,600,591,601
3330,598,593,600,602,608,603,606,605
3331,592,599,597,605,604,602,605,600
3332,593,607,606,597,608,593,599,592
3333,605,608,603,604,591,603,599,600
3334,598,597,606,606,598,608,606,594
3335,606,606,599,596,605,595,596,604
3336,604,599,597,596,595,600,595,594
3337,599,600,605,602,608,609,598,595
3338,607,607,602,603,591,596,599,597
3339,600,603,597,597,597,608,604,592
3340,604,603,598,596,592,605,599,595
3341,-606,-604,-601,-603,-594,-600,-598,-600
3342,-601,-591,-603,-595,-594,-605,-596,-605
3343,-600,-597,-601,-597,-595,-600,-597,-605
3344,-595,-605,-608,-594,-593,-608,-601,-609
3345,-592,-597,-603,-595,-596,-609,-596,-605
3346,-605,-591,-592,-598,-607,-607,-599,-591
3347,-606,-596,-595,-598,-598,-605,-604,-591
3348,-597,-592,-591,-601,-594,-592,-596,-608
3349,-604,-593,-596,-604,-605,-600,-592,-609
3350,-606,-605,-601,-608,-600,-609,-608,-609
3351,-604,-592,-604,-598,-603,-593,-597,-608
3352,-603,-593,-594,-591,-599,-609,-608,-596
3353,-591,-597,-607,-608,-604,-604,-597,-598
3354,599,593,599,609,600,601,604,603
3355,608,608,597,609,599,596,604,600
3356,609,607,599,603,593,599,605,602
3357,609,598,599,595,603,595,607,591
3358,597,593,602,595,594,596,609,594
3359,594,594,601,599,602,599,596,600
3360,595,593,595,608,598,600,598,607
3361,609,601,601,607,593,609,599,595
3362,598,603,605,602,603,606,599,603
3363,600,605,606,604,599,599,599,601
3364,596,595,609,604,596,593,609,591
3365,591,601,602,599,604,595,606,592
3366,602,608,601,603,600,596,598,595
3367,-609,-592,-596,-601,-593,-606,-594,-602
3368,-606,-601,-604,-608,-607,-599,-598,-603
3369,-606,-591,-596,-596,-603,-593,-598,-597
3370,-593,-608,-596,-600,-609,-607,-593,-594
3371,-599,-608,-607,-609,-602,-597,-593,-591
3372,-607,-602,-598,-604,-595,-604,-596,-600
3373,-606,-598,-603,-595,-605,-599,-609,-591
3374,-605,-608,-593,-609,-609,-607,-605,-597
3375,-598,-593,-593,-595,-595,-597,-602,-606
3376,-606,-595,-600,-608,-596,-594,-606,-605
3377,-607,-607,-605,-596,-599,-609,-600,-604
3378,-592,-606,-602,-591,-597,-591,-591,-606
3379,-603,-600,-607,-609,-603,-601,-591,-594
3380,602,602,603,597,603,607,601,592
3381,605,598,605,596,604,607,591,605
3382,604,604,606,608,601,602,602,600
3383,596,591,597,593,599,591,593,608
3384,593,597,596,606,597,594,606,608
3385,601,600,603,602,591,592,593,606
3386,607,597,593,608,593,603,598,599
3387,597,591,596,605,602,595,602,592
3388,598,598,604,598,596,604,603,592
3389,609,591,595,604,593,599,602,592
3390,606,593,606,594,594,591,602,597
3391,598,596,604,601,597,603,591,594
3392,594,596,604,593,606,599,606,609
3393,-600,-601,-607,-609,-605,-605,-608,-594
3394,-599,-606,-600,-601,-591,-606,-604,-593
3395,-597,-594,-591,-606,-602,-602,-592,-603
3396,-607,-593,-605,-605,-598,-592,-595,-608
3397,-591,-607,-597,-604,-607,-601,-607,-594
3398,-599,-598,-598,-605,-606,-604,-593,-601
3399,-608,-607,-601,-598,-594,-605,-609,-599
3400,-602,-603,-596,-608,-600,-603,-596,-598
3401,-599,-604,-602,-599,-592,-598,-600,-607
3402,-594,-605,-609,-598,-604,-602,-601,-592
3403,-598,-597,-607,-594,-606,-606,-604,-608
3404,-597,-603,-591,-593,-608,-600,-599,-593
3405,-607,-603,-605,-599,-592,-604,-593,-595
3406,600,602,593,592,600,601,602,595
3407,600,609,603,605,605,609,602,605
3408,605,600,599,596,591,606,602,595
3409,595,595,598,609,592,595,599,601
3410,597,596,599,591,599,592,601,604
3411,605,608,609,599,591,606,604,604
3412,592,593,595,595,606,604,608,600
3413,599,593,604,595,602,609,591,609
3414,594,601,596,609,595,595,609,605
3415,591,606,609,606,598,591,601,601
3416,594,596,604,604,596,593,608,601
3417,609,592,591,591,596,599,608,598
3418,605,598,599,602,604,608,607,601
3419,-604,-593,-592,-607,-599,-596,-609,-593
3420,-601,-602,-592,-599,-601,-602,-602,-597
3421,-601,-604,-601,-596,-599,-608,-596,-595
3422,-603,-607,-593,-595,-594,-597,-609,-597
3423,-592,-606,-597,-596,-607,-601,-593,-600
3424,-594,-593,-606,-601,-602,-602,-605,-600
3425,-607,-599,-595,-603,-596,-595,-594,-592
3426,-591,-594,-598,-601,-592,-605,-592,-596
3427,-598,-596,-596,-607,-597,-605,-602,-594
3428,-609,-605,-606,-605,-598,-597,-609,-593
3429,-591,-594,-596,-605,-609,-607,-598,-597
3430,-591,-599,-605,-606,-593,-602,-595,-601
3431,-602,-598,-593,-596,-604,-599,-594,-594
3432,604,609,606,608,604,603,599,602
3433,596,602,597,593,598,609,609,609
3434,605,593,605,596,607,607,593,603
3435,604,601,602,597,593,603,607,604
3436,597,603,605,603,605,594,600,609
3437,592,596,597,597,608,594,591,606
3438,597,597,591,608,596,596,604,608
3439,608,593,597,609,600,608,601,596
3440,601,595,606,599,601,608,603,596
3441,609,599,598,601,597,593,599,597
3442,607,605,603,592,595,602,607,594
3443,600,605,606,607,591,600,592,602
3444,600,596,602,605,597,601,598,597
3445,-596,-599,-601,-601,-603,-598,-607,-604
3446,-591,-592,-601,-599,-592,-602,-596,-594
3447,-593,-608,-608,-592,-598,-609,-593,-604
3448,-593,-593,-592,-592,-601,-609,-592,-592
3449,-604,-605,-607,-597,-594,-593,-605,-597
3450,-599,-595,-597,-609,-604,-594,-602,-592
3451,-594,-598,-607,-602,-603,-593,-605,-606
3452,-593,-591,-597,-608,-603,-604,-593,-604
3453,-601,-609,-609,-599,-591,-604,-602,-609
3454,-598,-592,-591,-598,-607,-609,-607,-602
3455,-600,-609,-591,-593,-603,-592,-602,-608
3456,-606,-596,-606,-600,-593,-600,-593,-595
3457,-592,-597,-609,-595,-598,-596,-599,-593
3458,604,592,609,602,595,599,601,606
3459,592,596,608,595,608,593,593,603
3460,604,606,604,591,591,606,597,598
3461,599,598,597,602,599,592,600,608
3462,595,602,603,606,595,599,609,607
3463,604,593,601,592,598,602,605,594
3464,607,593,601,608,594,597,604,597
3465,599,604,606,592,606,593,608,600
3466,593,608,606,607,600,604,593,597
3467,608,608,599,602,602,601,600,594
3468,595,606,600,603,607,606,593,593
3469,598,608,608,593,596,598,598,593
3470,606,593,605,594,606,606,593,604
3471,-598,-607,-606,-609,-596,-591,-607,-608
3472,-598,-601,-606,-600,-603,-605,-593,-608
3473,-608,-592,-607,-608,-608,-606,-602,-604
3474,-599,-608,-592,-608,-595,-596,-607,-592
3475,-604,-606,-598,-605,-595,-597,-591,-606
3476,-605,-592,-603,-605,-591,-599,-606,-599
3477,-591,-601,-593,-599,-604,-605,-598,-603
3478,-594,-592,-606,-597,-597,-593,-596,-604
3479,-599,-597,-599,-607,-601,-600,-592,-595
3480,-598,-599,-593,-607,-605,-596,-608,-603
3481,-605,-595,-593,-600,-591,-607,-604,-592
3482,-592,-592,-604,-600,-591,-594,-600,-599
3483,-597,-596,-600,-599,-609,-593,-595,-591
3484,591,603,593,596,591,607,609,609
3485,604,591,600,607,593,607,608,607
3486,591,609,598,604,607,602,600,601
3487,607,609,601,604,604,608,606,601
3488,591,608,609,609,603,595,609,592
3489,602,602,606,596,597,601,594,603
3490,593,592,594,601,609,609,605,600
3491,599,597,606,606,596,595,603,593
3492,608,605,591,608,595,607,608,609
3493,605,604,599,604,599,599,591,602
3494,605,607,605,599,604,608,605,598
3495,598,601,591,591,600,607,592,596
3496,602,596,605,592,596,607,598,599
3497,-595,-601,-609,-596,-605,-599,-605,-597
3498,-591,-608,-595,-591,-599,-602,-597,-592
3499,-597,-599,-599,-599,-603,-603,-608,-594
3500,605,596,605,600,593,601,591,597
3501,594,592,607,595,605,598,607,597
3502,596,605,608,607,599,609,598,595
3503,-592,-607,-596,-605,-595,-598,-599,-608
3504,-597,-604,-595,-601,-607,-592,-594,-605
3505,-598,-607,-600,-593,-603,-593,-606,-602
3506,606,604,599,604,598,594,608,595
3507,607,603,607,595,602,592,596,592
3508,597,606,609,596,593,607,607,593
3509,-604,-604,-593,-593,-593,-596,-597,-607
3510,-607,-608,-602,-605,-599,-606,-605,-600
3511,-600,-609,-598,-602,-597,-598,-591,-597
3512,605,606,605,609,591,602,596,593
3513,607,606,599,600,594,605,597,606
3514,609,591,602,603,599,598,599,605
3515,-599,-597,-599,-599,-603,-600,-606,-592
3516,-603,-593,-592,-600,-599,-591,-598,-609
3517,-604,-607,-601,-597,-595,-591,-600,-598
3518,597,593,597,604,592,607,603,599
3519,592,606,602,607,609,595,604,608
3520,598,597,605,593,593,592,592,598
3521,-605,-593,-603,-592,-591,-601,-598,-605
3522,-597,-591,-601,-598,-593,-604,-595,-595
3523,-594,-596,-597,-594,-607,-603,-605,-592
3524,604,601,604,595,603,609,603,595
3525,597,595,595,600,599,604,592,597
3526,602,594,593,598,591,602,603,596
3527,-606,-597,-599,-593,-603,-606,-603,-601
3528,-604,-598,-596,-603,-601,-596,-602,-605
3529,-591,-598,-599,-597,-608,-608,-600,-607
3530,597,592,606,602,593,592,609,598
3531,609,608,593,607,605,607,600,595
3532,609,601,599,600,602,601,604,601
3533,-594,-599,-596,-598,-608,-591,-609,-595
3534,-593,-602,-596,-598,-592,-599,-595,-600
3535,-604,-598,-606,-605,-608,-591,-596,-591
3536,599,595,593,608,609,593,598,598
3537,602,601,592,601,594,603,604,596
3538,604,600,600,602,595,607,599,605
3539,-598,-609,-600,-594,-604,-605,-592,-592
3540,-605,-607,-595,-598,-600,-591,-597,-602
3541,-602,-592,-603,-602,-601,-607,-606,-604
3542,602,600,609,602,596,599,606,605
3543,592,603,600,598,603,593,608,595
3544,605,593,606,592,595,595,592,608
3545,-605,-593,-607,-597,-606,-606,-598,-609
3546,-595,-599,-607,-600,-607,-609,-595,-606
3547,-599,-592,-599,-608,-609,-592,-602,-597
3548,601,593,595,604,603,598,603,592
3549,608,599,605,601,602,605,591,601
3550,608,594,598,608,600,596,607,598
3551,-606,-602,-596,-591,-606,-609,-604,-600
3552,-609,-601,-595,-597,-609,-606,-595,-602
3553,-593,-592,-606,-592,-599,-593,-602,-598
3554,591,608,603,592,603,607,593,595
3555,607,600,603,595,594,602,592,603
3556,606,597,603,602,597,602,606,606
3557,-605,-595,-598,-597,-594,-603,-599,-595
3558,-600,-603,-591,-604,-599,-597,-605,-592
3559,-594,-598,-609,-592,-597,-597,-595,-604
3560,591,601,602,604,604,597,596,591
3561,599,597,596,602,598,593,595,601
3562,609,605,601,604,602,601,596,592
3563,-592,-593,-595,-600,-599,-605,-591,-595
3564,-598,-595,-601,-597,-596,-604,-595,-595
3565,-596,-600,-596,-592,-598,-597,-602,-602
3566,595,606,598,604,603,591,593,593
3567,592,604,606,604,604,595,594,598
3568,591,605,594,595,602,597,606,595
3569,-600,-603,-608,-594,-609,-602,-599,-604
3570,-591,-599,-598,-602,-591,-599,-604,-600
3571,-592,-602,-608,-597,-599,-591,-595,-596
3572,603,597,608,599,600,597,599,603
3573,603,606,594,605,599,597,592,606
3574,603,591,600,605,596,600,604,598
3575,-609,-596,-595,-608,-594,-592,-591,-606
3576,-591,-597,-598,-601,-605,-608,-596,-596
3577,-595,-608,-607,-598,-603,-592,-591,-594
3578,597,603,593,609,598,601,604,593
3579,604,603,604,592,593,596,609,606
3580,591,608,609,607,592,596,591,599
3581,-597,-607,-603,-606,-609,-609,-602,-603
3582,-606,-598,-608,-597,-593,-609,-609,-609
3583,-598,-594,-595,-596,-608,-601,-607,-592
3584,603,591,608,594,592,591,608,604
3585,602,595,595,603,600,596,592,598
3586,602,604,604,602,604,594,592,601
3587,-596,-605,-596,-596,-600,-606,-602,-597
3588,-591,-598,-595,-603,-603,-592,-605,-602
3589,-600,-607,-594,-594,-604,-600,-603,-593
3590,600,594,601,599,604,595,598,601
3591,591,607,603,606,594,599,608,606
3592,600,602,591,600,606,595,609,593
3593,-598,-607,-601,-594,-592,-592,-596,-599
3594,-592,-605,-593,-591,-596,-591,-600,-604
3595,-605,-593,-603,-595,-594,-598,-595,-602
3596,591,592,597,608,593,601,605,596
3597,595,598,605,606,599,601,595,594
3598,600,607,600,606,597,595,604,605
3599,-602,-592,-600,-592,-596,-600,-593,-597
3600,-594,-596,-594,-596,-595,-609,-603,-609
3601,-597,-591,-602,-592,-605,-593,-605,-596
3602,603,604,597,592,604,604,603,592
3603,607,608,600,591,599,592,604,592
3604,609,602,591,600,607,599,600,607
3605,-606,-595,-604,-598,-592,-594,-592,-603
3606,-609,-601,-600,-609,-604,-607,-601,-596
3607,-608,-591,-591,-595,-606,-595,-596,-601
3608,606,607,604,598,599,608,598,599
3609,606,595,597,597,598,599,597,594
3610,605,606,606,605,597,605,600,595
3611,-601,-609,-598,-593,-596,-602,-601,-602
3612,-600,-609,-602,-591,-599,-607,-604,-601
3613,-605,-603,-608,-605,-601,-592,-600,-591
3614,607,595,603,601,608,595,603,597
3615,598,608,603,597,604,596,593,600
3616,597,608,592,591,597,592,605,603
3617,-607,-604,-596,-602,-606,-606,-592,-598
3618,-594,-606,-593,-606,-607,-608,-606,-596
3619,-596,-609,-596,-605,-594,-593,-601,-605
3620,601,593,608,599,592,604,607,608
3621,607,593,598,602,602,603,591,609
3622,603,606,604,607,601,593,591,594
3623,-606,-592,-609,-599,-598,-596,-596,-597
3624,-607,-592,-606,-603,-607,-605,-597,-606
3625,-606,-601,-592,-591,-609,-593,-607,-607
3626,608,597,603,591,600,600,600,603
3627,609,604,605,603,608,593,605,592
3628,603,602,597,602,609,600,608,605
3629,-607,-596,-608,-592,-604,-594,-595,-607
3630,-603,-609,-598,-592,-608,-604,-602,-602
3631,-592,-596,-594,-599,-600,-604,-591,-602
3632,600,594,595,603,606,603,594,599
3633,606,608,602,607,595,595,604,607
3634,606,599,596,596,606,594,606,606
3635,-606,-595,-591,-598,-596,-602,-603,-609
3636,-592,-596,-604,-602,-597,-601,-603,-596
3637,-603,-598,-605,-592,-598,-609,-592,-600
3638,605,608,601,597,603,600,602,597
3639,596,602,604,599,607,606,597,604
3640,597,608,597,601,595,608,604,606
3641,-594,-600,-597,-600,-608,-599,-604,-607
3642,-601,-600,-595,-594,-603,-594,-609,-606
3643,-594,-594,-601,-595,-606,-596,-608,-596
3644,604,596,591,597,599,592,609,598
3645,604,595,607,603,608,608,608,598
3646,603,607,591,602,597,591,604,596
3647,-598,-606,-598,-599,-594,-609,-600,-599
3648,-594,-598,-600,-594,-593,-606,-599,-599
3649,-606,-592,-593,-594,-603,-596,-594,-593
3650,604,593,609,605,602,603,597,591
3651,602,604,595,605,601,606,599,591
3652,609,605,591,601,602,593,595,598
3653,-608,-592,-592,-609,-600,-604,-594,-609
3654,-602,-608,-602,-600,-607,-600,-609,-594
3655,-596,-592,-603,-595,-596,-592,-609,-594
3656,603,603,597,601,605,599,595,600
3657,607,593,609,604,593,600,592,608
3658,604,601,593,594,604,602,607,600
3659,-599,-599,-598,-594,-598,-591,-600,-600
3660,-599,-606,-603,-596,-604,-604,-607,-606
3661,-607,-598,-605,-599,-605,-592,-599,-593
3662,607,592,602,597,595,604,605,597
3663,592,601,609,608,599,604,605,608
3664,594,591,604,598,594,598,601,593
3665,-596,-603,-592,-597,-608,-604,-594,-602
3666,-593,-605,-591,-603,-603,-595,-604,-609
3667,-592,-602,-608,-609,-608,-609,-593,-600
3668,595,606,596,599,608,600,601,606
3669,607,593,595,591,601,593,609,596
3670,608,602,595,604,593,598,592,602
3671,-602,-608,-606,-595,-599,-599,-607,-605
3672,-604,-598,-602,-599,-609,-605,-599,-595
3673,-594,-609,-591,-596,-601,-602,-596,-598
3674,599,594,600,593,599,600,594,608
3675,594,600,606,605,602,592,592,604
3676,598,606,599,602,600,608,591,602
3677,-600,-592,-598,-595,-600,-600,-599,-598
3678,-597,-591,-602,-607,-605,-592,-596,-599
3679,-591,-608,-593,-604,-607,-600,-594,-602
3680,593,601,598,601,605,599,600,591
3681,594,608,595,607,604,597,596,600
3682,597,604,609,591,601,605,599,593
3683,-601,-608,-594,-591,-602,-600,-591,-609
3684,-604,-591,-604,-604,-604,-597,-598,-601
3685,-606,-591,-604,-596,-609,-599,-604,-596
3686,592,599,593,597,607,606,596,604
3687,603,597,594,592,594,601,592,595
3688,599,608,597,599,598,598,596,592
3689,-601,-604,-607,-597,-604,-592,-595,-592
3690,-609,-603,-599,-602,-608,-595,-594,-607
3691,-609,-599,-602,-599,-592,-605,-605,-598
3692,599,609,595,607,599,598,609,600
3693,596,601,599,604,609,591,606,604
3694,599,607,598,591,601,602,591,595
3695,-592,-598,-599,-591,-591,-598,-595,-605
3696,-605,-609,-595,-599,-592,-602,-596,-602
3697,-608,-609,-592,-605,-600,-593,-594,-604
3698,594,601,603,601,598,602,603,597
3699,606,596,598,608,608,593,594,600
3700,609,598,595,596,598,598,591,606
3701,-594,-600,-606,-599,-600,-592,-597,-609
3702,-592,-604,-595,-601,-607,-603,-601,-594
3703,-607,-599,-604,-603,-603,-601,-598,-602
3704,604,605,605,592,607,597,593,596
3705,607,596,607,603,595,599,593,602
3706,606,591,609,597,592,603,601,599
3707,-597,-592,-598,-594,-609,-604,-609,-608
3708,-592,-607,-599,-602,-607,-594,-604,-596
3709,-591,-605,-593,-599,-592,-600,-598,-592
3710,608,598,603,592,603,591,595,592
3711,595,592,609,601,604,594,609,597
3712,591,608,597,601,604,591,600,598
3713,-606,-595,-608,-599,-603,-599,-604,-594
3714,-601,-602,-602,-598,-609,-593,-602,-603
3715,-597,-604,-602,-600,-595,-608,-605,-593
3716,601,595,609,603,595,599,600,592
3717,595,599,598,609,595,608,603,603
3718,593,592,600,604,593,595,604,595
3719,-595,-597,-601,-606,-601,-595,-601,-598
3720,-592,-605,-607,-603,-607,-606,-596,-599
3721,-592,-595,-591,-594,-605,-597,-608,-608
3722,595,594,599,597,603,599,595,607
3723,605,600,604,600,596,605,594,604
3724,598,605,602,598,601,596,603,604
3725,-603,-609,-604,-609,-598,-598,-607,-597
3726,-594,-606,-599,-597,-595,-607,-601,-602
3727,-606,-609,-595,-609,-601,-595,-599,-604
3728,598,591,603,599,605,599,607,607
3729,609,606,600,602,607,605,602,600
3730,594,601,601,601,603,594,606,605
3731,-592,-598,-601,-591,-597,-593,-606,-603
3732,-599,-604,-596,-592,-594,-598,-597,-596
3733,-592,-606,-597,-607,-600,-605,-593,-603
3734,593,593,591,594,591,599,595,596
3735,607,600,608,607,608,597,597,599
3736,603,600,597,605,600,591,591,591
3737,-602,-608,-599,-604,-606,-593,-600,-595
3738,-604,-600,-609,-601,-604,-608,-609,-596
3739,-604,-593,-609,-592,-606,-600,-607,-595
3740,604,597,595,598,604,595,591,591
3741,607,603,594,609,608,604,609,603
3742,600,595,592,599,597,594,600,607
3743,-595,-603,-606,-597,-604,-593,-593,-603
3744,-599,-600,-599,-595,-601,-608,-607,-591
3745,-605,-598,-598,-600,-597,-606,-603,-601
3746,605,603,606,593,605,599,598,596
3747,602,606,606,609,598,591,593,607
3748,594,591,609,596,606,609,600,595
3749,-597,-607,-607,-594,-593,-593,-600,-600
3750,602,605,598,595,603,595,594,603
3751,592,597,597,591,601,591,591,594
3752,593,604,608,607,603,609,598,601
3753,592,597,598,600,591,593,602,598
3754,592,595,592,597,594,606,604,597
3755,-606,-605,-607,-597,-595,-609,-592,-607
3756,-607,-609,-597,-598,-604,-601,-608,-607
3757,-609,-606,-597,-594,-600,-594,-596,-597
3758,-596,-606,-598,-606,-605,-601,-599,-607
3759,-598,-598,-606,-608,-604,-603,-609,-595
3760,598,593,608,598,605,591,608,601
3761,599,594,607,598,602,593,598,604
3762,608,604,601,591,601,609,603,608
3763,609,593,606,593,591,598,593,603
3764,603,602,602,609,595,609,597,593
3765,-592,-603,-599,-601,-598,-606,-594,-599
3766,-591,-598,-598,-605,-599,-593,-596,-603
3767,-609,-608,-597,-598,-602,-603,-592,-608
3768,-599,-603,-596,-605,-591,-607,-607,-591
3769,-595,-605,-592,-592,-603,-607,-603,-602
3770,602,592,602,598,606,608,606,598
3771,599,606,603,604,593,607,596,605
3772,600,596,598,595,609,597,593,607
3773,608,597,606,591,595,602,595,605
3774,593,597,594,601,603,594,592,601
3775,-591,-603,-609,-592,-592,-602,-602,-595
3776,-601,-595,-598,-593,-602,-608,-592,-608
3777,-602,-592,-596,-596,-603,-603,-603,-602
3778,-609,-597,-607,-598,-600,-597,-596,-597
3779,-609,-594,-603,-596,-597,-594,-605,-597
3780,601,600,606,600,605,604,600,608
3781,600,607,598,594,603,601,591,595
3782,595,609,604,595,607,596,596,603
3783,597,595,593,608,601,606,598,597
3784,593,594,608,591,592,608,601,605
3785,-598,-606,-598,-597,-602,-593,-605,-606
3786,-604,-591,-591,-603,-596,-603,-607,-599
3787,-609,-593,-593,-603,-602,-606,-597,-593
3788,-596,-592,-591,-594,-595,-596,-594,-608
3789,-596,-600,-601,-602,-602,-601,-607,-596
3790,594,597,606,602,592,597,608,605
3791,601,606,591,599,601,600,592,602
3792,596,607,606,604,603,609,599,592
3793,595,608,602,608,599,593,605,601
3794,599,600,595,595,593,599,592,606
3795,-596,-596,-602,-596,-602,-594,-593,-601
3796,-602,-600,-594,-595,-602,-598,-591,-608
3797,-593,-595,-608,-601,-605,-604,-602,-604
3798,-594,-593,-596,-592,-601,-595,-608,-598
3799,-597,-608,-596,-605,-601,-598,-593,-605
3800,599,598,592,606,597,599,603,592
3801,598,595,601,607,605,604,601,600
3802,606,608,595,594,591,597,606,599
3803,601,602,604,594,596,600,592,604
3804,603,605,608,601,603,602,606,601
3805,-593,-608,-597,-609,-605,-603,-604,-592
3806,-599,-606,-593,-596,-609,-606,-593,-601
3807,-598,-605,-595,-604,-597,-593,-601,-593
3808,-601,-605,-602,-594,-592,-600,-607,-609
3809,-608,-593,-604,-594,-600,-606,-593,-598
3810,602,607,601,603,602,596,601,598
3811,603,592,607,604,609,608,605,608
3812,592,599,605,596,606,593,592,605
3813,600,605,592,598,603,605,606,600
3814,592,601,597,591,593,601,595,594
3815,-598,-607,-603,-593,-606,-598,-608,-603
3816,-603,-601,-596,-601,-595,-600,-595,-601
3817,-592,-601,-593,-591,-602,-603,-593,-608
3818,-592,-599,-602,-603,-591,-600,-596,-601
3819,-603,-592,-594,-606,-605,-603,-591,-593
3820,607,602,605,603,597,594,605,600
3821,600,599,601,598,591,603,596,593
3822,609,606,598,595,603,603,605,608
3823,599,600,607,605,609,591,602,593
3824,593,597,601,604,594,592,603,605
3825,-608,-606,-592,-600,-595,-599,-592,-597
3826,-606,-608,-594,-593,-607,-595,-591,-602
3827,-600,-607,-608,-609,-600,-591,-597,-597
3828,-594,-594,-599,-598,-603,-609,-601,-600
3829,-600,-598,-594,-607,-607,-597,-593,-605
3830,598,604,608,595,592,608,608,598
3831,606,609,603,598,594,609,605,608
3832,598,606,591,606,591,606,594,597
3833,603,601,597,599,607,605,598,591
3834,603,600,606,593,597,599,602,601
3835,-603,-609,-601,-604,-609,-605,-602,-598
3836,-592,-592,-596,-597,-594,-606,-597,-602
3837,-608,-603,-605,-604,-597,-602,-603,-595
3838,-607,-605,-602,-599,-594,-603,-595,-593
3839,-609,-594,-598,-601,-592,-594,-592,-597
3840,608,597,606,602,605,606,603,593
3841,597,608,608,593,600,601,606,605
3842,595,605,597,602,600,600,606,606
3843,601,599,596,602,598,600,596,608
3844,606,604,591,602,597,598,605,605
3845,-609,-603,-608,-601,-592,-603,-595,-598
3846,-606,-591,-606,-592,-600,-594,-598,-605
3847,-598,-600,-605,-594,-593,-599,-603,-593
3848,-607,-597,-593,-601,-607,-600,-592,-604
3849,-602,-592,-602,-608,-595,-603,-596,-602
3850,598,592,601,609,591,599,591,604
3851,594,600,601,606,598,591,605,593
3852,597,607,602,599,605,591,593,592
3853,592,600,594,606,605,608,598,601
3854,593,592,595,591,591,594,597,602
3855,-597,-601,-598,-597,-598,-608,-600,-603
3856,-603,-602,-609,-609,-596,-600,-601,-598
3857,-609,-607,-608,-601,-591,-593,-607,-609
3858,-600,-592,-606,-599,-598,-608,-605,-597
3859,-601,-599,-595,-602,-608,-603,-602,-604
3860,596,603,598,606,606,597,597,598
3861,607,591,603,593,609,593,605,597
3862,593,609,593,593,601,600,599,591
3863,608,602,604,598,609,601,594,605
3864,593,605,605,601,592,597,596,592
3865,-604,-591,-600,-591,-609,-595,-602,-604
3866,-606,-604,-598,-593,-600,-595,-608,-591
3867,-606,-599,-602,-596,-608,-605,-601,-602
3868,-609,-592,-597,-599,-606,-606,-593,-609
3869,-604,-591,-600,-595,-592,-605,-597,-592
3870,609,609,596,598,593,599,603,593
3871,603,608,593,591,605,591,598,605
3872,596,602,592,607,597,607,604,597
3873,595,607,606,596,592,601,592,600
3874,603,600,604,592,595,599,598,608
3875,-607,-596,-594,-609,-591,-609,-596,-603
3876,-594,-595,-606,-595,-601,-597,-594,-599
3877,-600,-602,-591,-591,-593,-608,-595,-593
3878,-604,-609,-607,-605,-608,-592,-598,-601
3879,-602,-606,-609,-595,-604,-594,-596,-593
3880,608,596,608,597,607,605,608,595
3881,593,599,592,602,595,591,597,593
3882,592,592,597,601,602,603,596,609
3883,596,599,596,608,601,591,595,609
3884,594,607,598,600,605,592,600,605
3885,-593,-600,-598,-604,-596,-602,-609,-604
3886,-596,-592,-592,-597,-598,-608,-593,-601
3887,-604,-607,-607,-594,-600,-594,-597,-606
3888,-591,-594,-594,-597,-597,-609,-602,-593
3889,-607,-599,-598,-608,-601,-592,-592,-598
3890,593,600,608,608,596,594,599,608
3891,595,599,591,593,594,592,609,603
3892,595,594,608,591,601,598,594,592
3893,604,606,606,605,607,594,603,608
3894,598,599,601,608,595,603,595,600
3895,-603,-601,-601,-599,-605,-606,-603,-595
3896,-602,-596,-593,-603,-599,-599,-600,-598
3897,-596,-609,-598,-595,-591,-600,-607,-591
3898,-607,-601,-607,-602,-593,-608,-607,-602
3899,-594,-609,-594,-602,-593,-598,-600,-595
3900,591,601,603,594,606,593,591,599
3901,608,599,596,593,598,604,605,598
3902,605,595,606,601,603,603,599,601
3903,607,603,601,603,595,609,598,594
3904,596,606,605,608,597,605,594,597
3905,-606,-605,-599,-604,-591,-603,-599,-601
3906,-598,-599,-593,-595,-599,-592,-593,-597
3907,-608,-609,-609,-597,-607,-597,-592,-594
3908,-594,-602,-601,-601,-594,-609,-601,-601
3909,-591,-596,-591,-591,-599,-607,-609,-598
3910,606,607,592,608,601,603,606,606
3911,598,596,608,591,601,600,599,597
3912,592,600,593,599,592,605,597,609
3913,606,593,600,601,594,601,603,595
3914,604,597,603,592,599,602,605,601
3915,-602,-599,-598,-601,-601,-594,-591,-603
3916,-601,-608,-603,-607,-596,-601,-595,-599
3917,-592,-599,-609,-601,-605,-593,-608,-597
3918,-594,-593,-597,-595,-607,-607,-599,-595
3919,-609,-602,-597,-606,-608,-609,-597,-603
3920,605,605,593,601,592,594,598,608
3921,606,596,605,591,602,600,607,592
3922,606,609,608,609,595,595,606,593
3923,596,609,592,601,601,609,602,592
3924,598,601,603,601,602,603,595,594
3925,-608,-594,-593,-609,-606,-598,-601,-591
3926,-592,-604,-595,-598,-593,-606,-600,-595
3927,-600,-604,-608,-600,-603,-597,-607,-593
3928,-599,-594,-605,-600,-600,-599,-608,-593
3929,-598,-594,-599,-601,-607,-600,-600,-603
3930,601,599,609,603,594,607,603,599
3931,609,595,608,597,592,594,598,603
3932,603,609,596,595,593,606,591,602
3933,597,601,601,591,606,608,595,606
3934,608,593,600,603,600,599,591,605
3935,-608,-599,-595,-603,-595,-594,-606,-605
3936,-604,-607,-601,-595,-606,-609,-597,-595
3937,-593,-601,-603,-595,-592,-608,-601,-598
3938,-607,-602,-608,-598,-600,-608,-601,-609
3939,-600,-593,-607,-595,-605,-606,-607,-597
3940,607,599,598,608,601,591,601,605
3941,594,606,609,598,604,609,606,599
3942,599,603,602,597,597,594,599,609
3943,609,603,594,608,591,593,599,602
3944,591,605,604,598,606,609,604,599
3945,-599,-594,-606,-599,-596,-596,-599,-596
3946,-609,-609,-608,-606,-598,-601,-591,-602
3947,-593,-591,-596,-596,-600,-605,-593,-592
3948,-599,-597,-596,-597,-596,-591,-594,-595
3949,-591,-600,-603,-591,-602,-606,-607,-591
3950,593,597,591,609,596,607,603,607
3951,609,591,599,592,604,594,604,605
3952,592,604,601,598,591,598,603,604
3953,593,593,592,596,600,605,607,592
3954,602,593,598,591,594,604,595,603
3955,-603,-592,-594,-604,-592,-600,-599,-600
3956,-607,-599,-593,-602,-609,-592,-602,-609
3957,-596,-607,-602,-606,-603,-605,-609,-601
3958,-601,-604,-591,-594,-600,-605,-594,-607
3959,-595,-604,-593,-605,-609,-607,-601,-595
3960,604,594,592,603,591,600,601,601
3961,592,594,601,597,607,607,598,592
3962,594,605,591,597,607,602,607,605
3963,598,603,608,594,606,599,592,598
3964,603,603,599,609,606,604,605,594
3965,-604,-607,-594,-608,-605,-609,-591,-606
3966,-600,-600,-592,-596,-609,-591,-604,-608
3967,-603,-596,-603,-596,-596,-603,-597,-593
3968,-596,-603,-597,-603,-598,-608,-609,-592
3969,-608,-609,-608,-596,-604,-605,-609,-598
3970,596,594,601,608,606,592,591,597
3971,599,604,598,591,604,605,608,594
3972,598,604,608,594,591,599,604,593
3973,600,600,601,601,604,592,603,598
3974,596,594,608,605,600,609,592,595
3975,-593,-595,-596,-608,-595,-600,-605,-604
3976,-594,-599,-599,-600,-607,-599,-598,-597
3977,-609,-591,-602,-598,-606,-597,-592,-606
3978,-608,-598,-600,-600,-607,-591,-600,-593
3979,-594,-606,-606,-596,-595,-602,-607,-603
3980,607,592,591,598,593,599,601,591
3981,605,606,599,606,602,606,604,607
3982,592,607,595,596,594,604,598,598
3983,606,600,604,600,606,593,598,599
3984,591,606,596,593,608,594,605,601
3985,-594,-599,-594,-594,-593,-606,-594,-592
3986,-605,-594,-592,-609,-593,-595,-604,-595
3987,-595,-601,-594,-597,-603,-600,-603,-598
3988,-593,-609,-608,-606,-599,-609,-606,-592
3989,-603,-598,-592,-598,-602,-593,-604,-603
3990,591,609,599,607,607,609,598,602
3991,601,602,597,598,591,592,607,598
3992,601,597,609,593,600,601,594,602
3993,594,608,594,599,595,605,604,593
3994,592,607,594,598,602,593,597,591
3995,-601,-601,-608,-605,-601,-599,-595,-591
3996,-608,-608,-597,-595,-591,-591,-607,-607
3997,-600,-591,-597,-604,-608,-593,-593,-601
3998,-605,-607,-597,-609,-604,-609,-594,-594
3999,-596,-591,-600,-608,-594,-602,-603,-608
4000,608,602,609,603,603,599,594,599
4001,606,599,591,592,606,596,600,605
4002,600,604,607,604,601,604,594,595
4003,596,604,591,605,608,601,607,591
4004,599,597,595,595,596,605,606,601
4005,591,601,602,599,609,596,606,592
4006,604,602,608,594,605,600,602,595
4007,606,592,591,593,607,592,592,591
4008,-600,-609,-599,-595,-595,-604,-598,-605
4009,-603,-608,-609,-597,-597,-593,-597,-597
4010,-598,-599,-607,-609,-601,-609,-605,-605
4011,-598,-603,-605,-602,-598,-601,-609,-605
4012,-594,-594,-593,-604,-609,-596,-593,-597
4013,-597,-591,-605,-604,-592,-599,-602,-603
4014,-596,-605,-593,-603,-606,-606,-603,-603
4015,-597,-597,-603,-602,-601,-597,-592,-609
4016,596,601,608,605,593,597,608,605
4017,595,598,600,596,592,595,596,601
4018,599,600,598,603,597,594,607,605
4019,609,604,596,609,601,599,601,591
4020,603,605,601,601,608,605,601,594
4021,591,598,591,595,604,603,593,609
4022,598,605,604,592,604,600,600,606
4023,608,604,592,602,598,603,596,605
4024,-606,-608,-594,-605,-591,-606,-606,-609
4025,-591,-606,-609,-596,-603,-603,-603,-600
4026,-597,-598,-603,-607,-600,-605,-597,-600
4027,-605,-608,-598,-594,-609,-604,-603,-609
4028,-591,-608,-606,-593,-591,-608,-596,-601
4029,-609,-599,-591,-604,-602,-599,-600,-604
4030,-593,-606,-592,-605,-596,-601,-607,-604
4031,-598,-607,-594,-595,-607,-601,-606,-606
4032,597,592,609,597,598,602,597,603
4033,607,600,604,601,608,604,592,598
4034,593,606,601,608,605,593,593,591
4035,599,597,595,595,596,597,600,600
4036,598,606,608,591,599,599,598,603
4037,593,600,603,598,601,604,600,593
4038,599,592,594,608,607,608,595,609
4039,607,592,598,605,591,597,607,600
4040,-594,-591,-604,-607,-601,-603,-592,-600
4041,-593,-604,-604,-596,-599,-600,-597,-608
4042,-597,-603,-593,-608,-598,-602,-608,-600
4043,-591,-605,-607,-601,-607,-605,-595,-598
4044,-601,-603,-594,-609,-594,-599,-591,-591
4045,-608,-601,-604,-602,-608,-599,-608,-609
4046,-608,-598,-594,-601,-596,-608,-609,-603
4047,-593,-604,-605,-601,-597,-592,-593,-594
4048,596,604,603,608,592,597,598,603
4049,606,599,598,603,595,592,606,597
4050,602,609,604,601,597,606,594,597
4051,591,600,606,601,608,593,605,598
4052,601,602,594,600,594,596,591,593
4053,606,602,596,598,598,605,593,609
4054,602,594,591,592,592,597,603,592
4055,602,592,609,601,607,597,608,600
4056,-591,-593,-600,-604,-606,-606,-607,-607
4057,-600,-601,-598,-601,-593,-602,-593,-594
4058,-604,-608,-602,-599,-592,-608,-603,-593
4059,-601,-596,-608,-605,-597,-594,-596,-593
4060,-595,-595,-592,-591,-599,-606,-609,-595
4061,-598,-596,-597,-602,-599,-605,-602,-591
4062,-595,-594,-598,-597,-603,-609,-600,-594
4063,-602,-603,-606,-608,-608,-604,-596,-600
4064,597,595,594,604,601,597,592,601
4065,608,603,591,592,596,597,604,593
4066,608,596,607,601,601,600,599,591
4067,603,592,596,606,607,609,598,602
4068,597,602,607,607,594,597,598,605
4069,601,599,603,597,594,600,602,595
4070,595,592,602,602,594,604,595,605
4071,605,608,604,608,603,593,606,597
4072,-600,-599,-597,-598,-599,-606,-601,-595
4073,-603,-602,-608,-602,-605,-609,-600,-607
4074,-591,-607,-604,-598,-597,-605,-598,-591
4075,-591,-596,-602,-594,-596,-593,-605,-608
4076,-594,-594,-602,-605,-599,-601,-607,-604
4077,-608,-602,-594,-608,-601,-591,-603,-605
4078,-598,-601,-591,-592,-607,-599,-596,-596
4079,-600,-593,-604,-598,-606,-608,-601,-607
4080,592,593,592,602,606,591,604,607
4081,602,607,598,608,591,594,603,601
4082,593,598,592,597,608,599,593,599
4083,609,609,602,591,601,604,600,604
4084,609,603,600,597,592,592,600,598
4085,593,592,595,604,606,609,606,597
4086,598,604,602,607,591,596,599,591
4087,603,594,595,594,600,608,603,608
4088,-591,-593,-592,-598,-593,-608,-605,-599
4089,-606,-593,-600,-603,-605,-595,-594,-608
4090,-602,-607,-592,-604,-604,-607,-597,-601
4091,-600,-594,-596,-594,-596,-598,-608,-594
4092,-594,-591,-595,-609,-607,-608,-597,-602
4093,-604,-605,-592,-592,-597,-608,-594,-606
4094,-603,-600,-598,-598,-592,-592,-594,-609
4095,-600,-608,-594,-597,-596,-595,-594,-597
4096,591,601,607,605,607,606,596,605
4097,604,599,595,609,591,596,595,603
4098,596,596,604,608,602,608,591,601
4099,596,592,598,599,598,601,593,596
4100,603,601,596,605,608,595,597,594
4101,591,595,593,596,608,600,591,597
4102,593,598,598,601,599,591,593,601
4103,595,592,594,602,600,595,600,594
4104,-598,-592,-606,-594,-600,-591,-595,-603
4105,-594,-605,-591,-596,-607,-592,-602,-595
4106,-604,-602,-604,-604,-597,-609,-603,-604
4107,-603,-599,-604,-600,-608,-606,-603,-597
4108,-597,-596,-593,-599,-604,-599,-605,-592
4109,-596,-604,-602,-609,-601,-598,-602,-598
4110,-603,-605,-599,-608,-593,-608,-604,-595
4111,-597,-599,-602,-606,-595,-605,-605,-604
4112,598,596,592,605,598,600,599,598
4113,597,599,591,591,601,591,591,594
4114,605,608,605,591,593,601,596,598
4115,601,596,595,598,606,597,591,602
4116,596,605,605,591,597,602,595,609
4117,591,596,593,607,598,605,599,591
4118,606,599,603,598,609,600,605,597
4119,593,600,593,606,604,608,605,597
4120,-604,-599,-591,-594,-595,-591,-602,-598
4121,-602,-605,-604,-597,-606,-599,-601,-592
4122,-603,-605,-601,-597,-591,-593,-594,-606
4123,-601,-606,-602,-600,-605,-594,-602,-600
4124,-599,-606,-592,-609,-602,-598,-606,-603
4125,-594,-604,-609,-606,-608,-599,-591,-605
4126,-597,-609,-600,-596,-600,-598,-604,-605
4127,-604,-600,-591,-600,-595,-603,-608,-591
4128,592,600,595,593,598,600,607,608
4129,609,609,607,601,594,598,595,595
4130,602,596,596,603,597,608,605,608
4131,605,606,599,593,595,608,595,595
4132,592,605,599,597,604,596,606,595
4133,608,603,597,601,600,606,597,599
4134,594,607,599,605,592,603,600,591
4135,603,591,598,599,608,606,606,597
4136,-593,-599,-594,-595,-603,-600,-595,-593
4137,-596,-598,-593,-604,-604,-603,-605,-591
4138,-591,-604,-595,-595,-596,-592,-599,-601
4139,-607,-592,-603,-607,-604,-597,-591,-604
4140,-596,-606,-595,-597,-601,-603,-594,-600
4141,-602,-604,-592,-606,-594,-604,-607,-594
4142,-603,-607,-594,-599,-591,-607,-591,-594
4143,-609,-594,-607,-606,-601,-605,-601,-598
4144,609,603,601,598,601,602,594,607
4145,592,591,601,603,594,605,606,601
4146,607,591,609,595,598,609,601,600
4147,594,595,602,596,605,600,607,592
4148,595,604,607,595,597,604,605,600
4149,607,604,594,606,606,609,608,591
4150,596,608,599,597,596,605,600,596
4151,599,607,601,599,607,599,605,592
4152,-598,-602,-605,-605,-592,-609,-606,-598
4153,-599,-602,-600,-608,-608,-604,-591,-597
4154,-599,-593,-605,-604,-596,-601,-596,-608
4155,-609,-597,-596,-597,-597,-605,-600,-592
4156,-603,-593,-604,-604,-595,-599,-607,-599
4157,-592,-603,-606,-594,-599,-594,-601,-608
4158,-601,-599,-600,-591,-607,-605,-594,-601
4159,-606,-608,-606,-599,-598,-594,-602,-595
4160,608,595,607,599,607,595,604,604
4161,599,604,594,606,606,593,609,601
4162,608,605,594,605,606,596,607,605
4163,599,605,597,600,606,595,609,604
4164,603,592,601,608,596,609,604,601
4165,603,594,606,599,609,596,605,594
4166,606,596,591,594,599,605,608,593
4167,599,608,601,605,603,603,609,606
4168,-603,-592,-608,-608,-594,-604,-591,-603
4169,-602,-597,-591,-601,-601,-608,-592,-602
4170,-601,-598,-598,-597,-600,-596,-601,-608
4171,-595,-604,-607,-609,-608,-608,-609,-591
4172,-609,-609,-609,-594,-602,-591,-607,-603
4173,-606,-606,-592,-599,-592,-594,-607,-607
4174,-603,-598,-604,-603,-600,-606,-597,-600
4175,-609,-594,-602,-605,-591,-605,-603,-609
4176,594,598,598,606,591,606,599,602
4177,601,592,607,599,603,607,602,596
4178,594,600,602,596,605,600,606,592
4179,601,609,602,591,606,609,596,592
4180,601,603,591,608,600,600,603,602
4181,605,606,609,601,594,592,605,603
4182,594,608,594,597,598,595,601,601
4183,609,592,591,604,604,603,601,599
4184,-603,-605,-605,-606,-596,-596,-594,-593
4185,-596,-601,-602,-599,-597,-608,-591,-598
4186,-602,-600,-606,-593,-605,-597,-592,-595
4187,-591,-596,-593,-599,-603,-596,-597,-609
4188,-598,-600,-607,-601,-591,-602,-595,-603
4189,-591,-593,-598,-594,-594,-597,-601,-602
4190,-595,-592,-606,-609,-605,-598,-597,-598
4191,-599,-604,-609,-600,-597,-603,-597,-597
4192,596,595,609,591,591,593,604,598
4193,594,600,604,604,609,609,596,601
4194,597,601,602,594,605,594,608,592
4195,605,592,603,594,607,602,595,592
4196,593,596,600,593,604,605,595,593
4197,609,603,599,602,592,604,594,607
4198,592,606,603,600,609,606,608,607
4199,603,595,595,607,593,602,595,601
4200,-601,-600,-599,-608,-591,-595,-603,-596
4201,-604,-606,-593,-600,-597,-591,-609,-603
4202,-601,-606,-609,-604,-601,-605,-598,-594
4203,-598,-594,-599,-600,-606,-604,-608,-609
4204,-597,-602,-600,-596,-593,-592,-602,-595
4205,-601,-607,-603,-595,-600,-603,-598,-605
4206,-602,-607,-599,-608,-606,-602,-598,-607
4207,-602,-609,-596,-597,-602,-603,-601,-605
4208,599,596,606,603,607,602,600,608
4209,600,598,594,604,591,606,602,598
4210,599,607,601,600,609,602,609,605
4211,592,609,599,608,591,602,594,602
4212,596,605,606,592,601,606,593,596
4213,592,599,604,604,601,607,608,595
4214,595,602,599,591,597,592,600,605
4215,593,596,593,595,609,604,598,592
4216,-599,-606,-605,-591,-605,-593,-593,-596
4217,-592,-592,-606,-608,-603,-595,-597,-602
4218,-604,-604,-600,-597,-604,-603,-597,-605
4219,-597,-594,-607,-600,-596,-609,-608,-600
4220,-602,-605,-597,-594,-608,-591,-591,-602
4221,-608,-609,-599,-594,-592,-599,-593,-607
4222,-597,-605,-595,-606,-606,-593,-597,-602
4223,-600,-598,-602,-591,-591,-608,-595,-603
4224,601,603,593,601,595,597,599,603
4225,608,606,604,595,592,598,599,595
4226,601,605,593,608,595,598,606,606
4227,599,601,602,607,605,607,601,602
4228,595,595,594,609,604,593,603,602
4229,595,601,600,597,601,595,594,606
4230,591,608,608,609,591,609,605,601
4231,591,593,597,592,604,593,593,595
4232,-593,-595,-607,-608,-599,-601,-602,-597
4233,-595,-596,-601,-608,-591,-594,-601,-594
4234,-603,-594,-604,-597,-598,-598,-599,-603
4235,-608,-604,-606,-593,-597,-608,-609,-608
4236,-609,-601,-601,-604,-598,-597,-600,-608
4237,-604,-598,-596,-607,-591,-597,-607,-601
4238,-592,-593,-606,-608,-595,-592,-603,-596
4239,-600,-592,-609,-608,-601,-602,-603,-593
4240,606,600,592,595,593,599,607,593
4241,596,606,592,592,604,592,598,600
4242,604,601,604,600,598,593,608,601
4243,606,598,598,596,593,607,605,609
4244,607,600,599,591,594,593,599,607
4245,601,604,596,602,609,600,595,604
4246,594,605,605,598,607,605,607,595
4247,596,609,599,591,598,598,600,596
4248,-604,-602,-601,-592,-599,-598,-605,-608
4249,-598,-598,-601,-591,-600,-594,-598,-603
4250,596,604,592,597,595,609,606,593
4251,600,593,597,594,606,603,603,609
4252,599,607,592,591,593,592,609,609
4253,608,596,608,593,608,597,596,602
4254,601,603,606,605,598,600,605,592
4255,604,594,607,602,602,600,608,605
4256,593,596,601,596,608,591,599,593
4257,604,599,598,604,594,601,597,608
4258,609,595,603,596,609,592,599,609
4259,607,591,592,600,595,606,594,596
4260,604,591,600,605,597,595,600,602
4261,594,603,594,609,605,597,603,597
4262,598,605,604,609,591,604,603,593
4263,-592,-596,-608,-596,-601,-609,-605,-594
4264,-596,-599,-609,-596,-598,-601,-596,-594
4265,-605,-603,-598,-606,-594,-595,-602,-595
4266,-593,-591,-592,-602,-596,-603,-605,-598
4267,-599,-593,-605,-595,-605,-604,-602,-601
4268,-606,-591,-608,-605,-597,-597,-609,-592
4269,-608,-595,-598,-604,-596,-598,-592,-596
4270,-604,-598,-596,-597,-604,-599,-595,-606
4271,-608,-591,-593,-600,-593,-599,-592,-605
4272,-609,-600,-602,-599,-605,-600,-594,-593
4273,-603,-607,-595,-599,-608,-594,-606,-592
4274,-596,-608,-591,-591,-601,-593,-593,-595
4275,-606,-609,-591,-595,-606,-605,-592,-594
4276,609,603,600,598,600,608,606,609
4277,608,599,596,601,594,593,603,605
4278,592,595,592,592,597,605,608,602
4279,601,602,594,598,597,607,592,598
4280,609,591,605,597,604,592,606,603
4281,593,609,598,607,607,591,604,599
4282,593,608,600,607,600,597,609,605
4283,601,605,599,601,604,599,609,592
4284,593,608,603,605,607,594,597,592
4285,608,593,595,592,595,606,602,606
4286,600,597,595,592,608,603,600,597
4287,602,600,609,598,609,592,598,601
4288,598,596,606,595,599,603,609,593
4289,-604,-605,-591,-595,-603,-592,-606,-592
4290,-597,-595,-602,-592,-609,-602,-596,-599
4291,-595,-604,-603,-602,-596,-604,-609,-601
4292,-592,-606,-603,-607,-603,-605,-609,-607
4293,-599,-607,-602,-607,-594,-606,-594,-608
4294,-592,-594,-605,-595,-603,-600,-600,-604
4295,-601,-600,-596,-602,-601,-607,-601,-598
4296,-603,-597,-600,-591,-593,-598,-606,-594
4297,-608,-599,-605,-601,-605,-604,-601,-600
4298,-601,-600,-606,-594,-594,-605,-606,-598
4299,-601,-596,-598,-606,-591,-609,-607,-601
4300,-606,-594,-591,-600,-595,-608,-593,-604
4301,-605,-608,-592,-592,-601,-597,-599,-603
4302,595,600,598,599,606,599,593,601
4303,601,597,593,601,591,608,592,609
4304,593,599,603,601,595,608,601,599
4305,604,600,606,605,607,594,601,609
4306,594,608,608,594,607,596,592,597
4307,601,604,599,597,595,594,595,599
4308,604,592,607,600,601,603,593,608
4309,595,593,602,594,595,601,604,597
4310,603,606,595,598,594,601,607,607
4311,602,603,608,609,601,596,598,604
4312,603,601,605,594,605,593,606,592
4313,595,600,602,592,600,595,594,597
4314,607,604,603,608,593,602,597,599
4315,-599,-605,-591,-592,-607,-593,-592,-607
4316,-593,-594,-592,-591,-609,-601,-604,-609
4317,-607,-609,-595,-604,-605,-607,-609,-602
4318,-605,-608,-605,-601,-594,-594,-601,-594
4319,-605,-596,-591,-591,-601,-604,-602,-602
4320,-595,-607,-607,-596,-592,-596,-605,-591
4321,-596,-591,-602,-596,-604,-591,-599,-606
4322,-603,-600,-598,-607,-607,-594,-600,-594
4323,-606,-600,-605,-599,-599,-595,-604,-602
4324,-598,-594,-604,-596,-601,-592,-595,-600
4325,-608,-607,-609,-600,-602,-605,-605,-603
4326,-597,-599,-595,-603,-596,-600,-606,-597
4327,-591,-604,-601,-601,-608,-605,-597,-598
4328,600,601,592,600,592,598,591,609
4329,598,607,595,607,596,607,606,591
4330,605,594,602,601,609,592,596,596
4331,606,602,594,592,602,593,592,598
4332,605,592,591,598,603,598,595,606
4333,599,591,601,609,595,602,608,597
4334,594,604,599,599,605,598,609,593
4335,596,600,592,595,597,597,604,592
4336,594,606,605,595,594,606,603,607
4337,599,598,593,591,600,609,598,596
4338,594,594,599,606,591,601,605,596
4339,603,595,597,603,604,607,602,607
4340,593,601,599,603,598,606,596,604
4341,-605,-599,-601,-600,-593,-592,-604,-607
4342,-591,-597,-606,-597,-601,-598,-598,-597
4343,-593,-591,-593,-608,-595,-607,-597,-593
4344,-608,-607,-597,-607,-607,-593,-594,-597
4345,-597,-609,-604,-592,-594,-605,-592,-597
4346,-599,-605,-595,-601,-593,-592,-606,-594
4347,-593,-609,-600,-598,-594,-596,-596,-607
4348,-602,-608,-607,-597,-597,-609,-602,-607
4349,-591,-594,-602,-595,-603,-595,-607,-591
4350,-607,-596,-608,-594,-600,-601,-600,-600
4351,-603,-598,-608,-597,-601,-604,-594,-592
4352,-604,-591,-595,-603,-609,-603,-594,-604
4353,-596,-594,-600,-606,-608,-593,-597,-602
4354,605,602,606,608,591,593,604,599
4355,595,606,591,608,600,591,601,605
4356,600,605,601,594,604,599,609,597
4357,606,593,609,597,602,609,593,599
4358,603,599,600,591,601,600,596,607
4359,595,595,600,594,598,606,599,605
4360,608,592,597,602,602,596,600,596
4361,607,604,600,598,604,603,592,609
4362,608,594,599,602,596,598,606,597
4363,604,604,601,593,607,592,594,602
4364,609,602,599,608,598,605,604,606
4365,606,605,598,599,600,596,608,591
4366,606,604,599,596,594,608,607,601
4367,-609,-592,-605,-600,-593,-604,-602,-606
4368,-604,-608,-604,-605,-594,-596,-603,-608
4369,-591,-604,-598,-597,-597,-603,-592,-593
4370,-601,-602,-608,-594,-597,-594,-594,-592
4371,-599,-595,-592,-603,-597,-608,-605,-609
4372,-598,-605,-607,-600,-595,-605,-606,-598
4373,-604,-599,-602,-594,-594,-602,-597,-602
4374,-595,-605,-601,-600,-593,-595,-596,-604
4375,-602,-597,-598,-609,-596,-606,-595,-593
4376,-598,-599,-609,-594,-606,-601,-602,-609
4377,-607,-603,-603,-596,-593,-606,-606,-602
4378,-598,-591,-602,-595,-595,-595,-603,-593
4379,-598,-592,-598,-598,-600,-607,-592,-596
4380,592,600,600,605,600,604,607,604
4381,593,602,597,593,602,607,606,595
4382,602,591,596,607,597,604,601,603
4383,609,597,594,592,591,601,601,599
4384,604,596,595,593,607,597,608,592
4385,591,595,601,607,593,592,605,600
4386,596,607,596,595,605,594,608,592
4387,602,597,602,594,602,595,604,601
4388,597,606,604,600,607,596,607,603
4389,606,608,606,597,593,601,605,598
4390,597,597,597,593,595,597,604,595
4391,596,593,593,608,606,604,597,605
4392,603,591,607,602,601,599,606,598
4393,-592,-598,-598,-603,-599,-607,-607,-603
4394,-604,-604,-598,-604,-601,-604,-604,-602
4395,-593,-606,-592,-591,-607,-603,-591,-596
4396,-605,-599,-594,-596,-609,-591,-606,-598
4397,-602,-608,-603,-604,-598,-606,-595,-603
4398,-599,-591,-598,-604,-607,-607,-602,-594
4399,-594,-595,-606,-603,-603,-592,-603,-598
4400,-601,-602,-601,-599,-606,-596,-606,-608
4401,-597,-603,-607,-604,-601,-595,-602,-603
4402,-603,-603,-595,-593,-600,-593,-594,-599
4403,-597,-595,-602,-602,-607,-597,-596,-592
4404,-605,-604,-594,-609,-596,-596,-596,-591
4405,-600,-598,-603,-608,-607,-595,-603,-600
4406,605,604,608,602,600,606,592,592
4407,608,601,597,593,599,596,602,597
4408,603,609,592,607,597,591,592,594
4409,591,608,591,592,591,601,594,607
4410,598,592,599,607,607,602,605,595
4411,593,598,606,607,601,602,605,594
4412,597,601,608,609,596,603,609,604
4413,604,595,600,604,592,595,609,593
4414,604,594,599,595,592,592,600,603
4415,607,592,594,608,595,601,600,602
4416,592,601,593,604,593,601,599,596
4417,591,604,605,604,600,592,598,600
4418,597,593,601,592,598,599,603,591
4419,-609,-598,-593,-604,-604,-593,-591,-596
4420,-600,-607,-591,-591,-591,-598,-609,-602
4421,-594,-603,-595,-607,-608,-595,-597,-607
4422,-608,-603,-593,-604,-606,-594,-597,-595
4423,-599,-594,-599,-604,-596,-602,-598,-599
4424,-601,-593,-593,-594,-598,-597,-606,-592
4425,-598,-603,-608,-596,-605,-601,-593,-608
4426,-604,-603,-598,-599,-593,-598,-604,-608
4427,-609,-594,-593,-605,-594,-608,-609,-609
4428,-592,-609,-609,-608,-604,-593,-593,-600
4429,-605,-594,-604,-606,-591,-608,-609,-591
4430,-607,-597,-594,-595,-609,-606,-608,-593
4431,-608,-600,-594,-608,-594,-603,-601,-597
4432,599,595,593,606,604,609,598,594
4433,608,604,608,608,601,604,597,591
4434,609,594,591,608,596,607,596,606
4435,597,598,603,593,594,598,595,594
4436,604,600,604,607,603,598,599,605
4437,595,594,594,596,601,607,602,604
4438,591,607,607,595,605,608,608,603
4439,600,593,603,591,604,595,592,596
4440,596,607,598,596,603,592,599,605
4441,605,602,607,591,598,600,593,604
4442,597,591,593,598,602,608,603,595
4443,594,596,604,604,604,596,600,594
4444,601,592,609,595,598,591,595,606
4445,-608,-606,-607,-594,-606,-596,-600,-591
4446,-606,-603,-601,-599,-601,-609,-592,-601
4447,-608,-598,-597,-607,-594,-607,-599,-596
4448,-601,-605,-603,-602,-592,-595,-597,-598
4449,-607,-602,-596,-609,-599,-603,-607,-609
4450,-604,-600,-593,-595,-603,-596,-593,-592
4451,-592,-596,-596,-605,-592,-595,-592,-592
4452,-602,-606,-592,-598,-595,-606,-591,-599
4453,-599,-606,-596,-609,-594,-595,-608,-591
4454,-604,-604,-598,-594,-608,-608,-609,-608
4455,-602,-608,-597,-604,-600,-597,-601,-607
4456,-609,-595,-599,-593,-606,-608,-593,-593
4457,-591,-608,-606,-594,-607,-602,-606,-606
4458,596,593,604,592,602,593,591,598
4459,595,592,602,595,609,592,595,601
4460,599,607,596,603,608,601,591,606
4461,598,605,593,592,609,593,602,607
4462,608,601,603,597,601,601,600,604
4463,594,596,591,597,591,592,602,603
4464,609,592,608,597,605,597,601,591
4465,606,594,595,594,592,597,591,595
4466,591,598,599,596,598,596,594,591
4467,591,599,596,607,608,593,592,606
4468,593,591,592,591,609,592,602,596
4469,595,605,606,605,599,606,609,591
4470,602,601,606,592,597,601,606,604
4471,-593,-599,-601,-596,-599,-606,-595,-597
4472,-599,-596,-593,-596,-593,-608,-608,-608
4473,-602,-600,-601,-606,-603,-594,-604,-605
4474,-600,-604,-596,-591,-609,-593,-605,-606
4475,-594,-608,-606,-607,-596,-597,-597,-596
4476,-607,-606,-606,-599,-599,-592,-605,-597
4477,-591,-598,-608,-595,-604,-602,-598,-608
4478,-608,-598,-606,-600,-606,-609,-603,-603
4479,-609,-595,-600,-609,-600,-602,-604,-608
4480,-605,-606,-595,-600,-598,-607,-608,-591
4481,-608,-595,-604,-594,-602,-596,-599,-608
4482,-605,-594,-601,-592,-591,-594,-602,-601
4483,-597,-600,-603,-597,-592,-609,-601,-607
4484,605,593,605,591,596,594,609,599
4485,605,596,595,603,592,604,601,608
4486,591,609,606,591,604,602,592,600
4487,601,592,597,601,595,603,599,599
4488,605,607,607,592,591,607,592,601
4489,593,602,593,602,609,593,609,596
4490,591,606,606,606,604,591,605,609
4491,601,600,604,609,597,594,600,595
4492,594,607,607,599,609,601,594,600
4493,596,592,605,609,591,600,592,591
4494,591,606,591,591,606,598,595,603
4495,601,608,604,593,591,608,598,595
4496,599,598,604,605,605,608,607,602
4497,-602,-605,-604,-602,-608,-607,-591,-604
4498,-598,-595,-605,-591,-592,-598,-603,-600
4499,-595,-608,-600,-599,-609,-591,-601,-601
4500,594,597,593,599,598,602,605,607
4501,595,606,599,606,608,599,604,605
4502,608,607,597,592,597,600,609,600
4503,-608,-592,-598,-607,-609,-604,-599,-601
4504,-593,-603,-602,-607,-603,-606,-606,-601
4505,-591,-601,-597,-593,-598,-603,-606,-608
4506,608,591,598,596,594,608,592,598
4507,605,601,606,592,596,594,606,598
4508,593,604,600,601,594,607,607,607
4509,-607,-598,-604,-606,-607,-594,-599,-601
4510,-607,-594,-599,-603,-597,-592,-609,-597
4511,-608,-597,-592,-592,-603,-600,-598,-609
4512,600,594,596,603,608,593,602,598
4513,595,609,604,604,598,609,594,596
4514,607,601,594,594,604,595,600,607
4515,-591,-595,-609,-593,-603,-600,-601,-597
4516,-591,-601,-608,-593,-604,-595,-592,-602
4517,-594,-595,-599,-609,-592,-608,-597,-604
4518,597,601,598,608,592,607,597,597
4519,605,596,600,592,603,601,606,594
4520,592,596,603,605,600,606,604,602
4521,-595,-595,-594,-595,-600,-607,-607,-596
4522,-605,-599,-607,-595,-598,-601,-596,-607
4523,-602,-600,-608,-608,-591,-606,-596,-608
4524,601,607,596,592,594,609,608,595
4525,609,595,605,594,594,603,609,592
4526,593,608,593,593,607,594,600,597
4527,-605,-599,-595,-602,-599,-603,-609,-596
4528,-598,-603,-596,-608,-608,-593,-598,-593
4529,-602,-609,-591,-593,-598,-605,-595,-594
4530,592,606,609,602,601,609,591,601
4531,602,599,607,594,608,605,601,604
4532,609,608,599,606,603,605,593,606
4533,-598,-606,-603,-608,-603,-605,-603,-605
4534,-603,-603,-603,-605,-607,-604,-591,-596
4535,-593,-608,-603,-591,-599,-597,-597,-604
4536,596,607,607,594,600,594,603,594
4537,608,608,598,598,608,607,592,608
4538,591,604,598,602,606,601,605,600
4539,-595,-599,-594,-605,-600,-609,-599,-599
4540,-604,-607,-601,-605,-597,-591,-609,-601
4541,-598,-609,-591,-608,-601,-608,-599,-609
4542,598,599,593,605,602,606,600,604
4543,609,593,600,606,592,602,604,607
4544,596,604,606,607,608,595,600,600
4545,-603,-594,-593,-603,-604,-598,-604,-604
4546,-598,-606,-591,-605,-598,-595,-608,-593
4547,-598,-603,-604,-600,-605,-591,-594,-600
4548,605,602,605,606,606,604,591,597
4549,599,593,595,605,605,603,609,591
4550,609,594,601,605,609,591,598,595
4551,-608,-593,-602,-594,-607,-607,-601,-591
4552,-609,-599,-606,-605,-609,-608,-597,-603
4553,-598,-603,-594,-605,-601,-599,-605,-601
4554,603,593,601,601,597,600,592,600
4555,606,602,602,607,602,601,592,598
4556,608,603,606,601,596,603,606,603
4557,-606,-596,-603,-597,-600,-608,-599,-609
4558,-597,-596,-599,-598,-608,-608,-606,-595
4559,-604,-597,-608,-607,-603,-600,-602,-608
4560,593,598,606,608,599,597,596,606
4561,601,604,594,608,604,599,609,593
4562,594,603,601,606,604,601,593,600
4563,-604,-603,-598,-595,-603,-591,-597,-604
4564,-599,-598,-605,-602,-594,-596,-604,-601
4565,-601,-597,-596,-593,-601,-603,-607,-608
4566,596,592,604,607,599,591,604,596
4567,609,594,608,607,594,606,609,594
4568,607,593,600,600,592,608,598,608
4569,-598,-602,-599,-608,-597,-599,-600,-596
4570,-606,-607,-591,-598,-597,-592,-594,-594
4571,-593,-593,-608,-605,-602,-591,-602,-600
4572,603,608,608,595,598,605,602,591
4573,593,591,597,598,596,597,600,606
4574,596,603,593,598,599,601,604,606
4575,-601,-597,-601,-597,-595,-606,-600,-605
4576,-603,-605,-592,-601,-603,-604,-604,-604
4577,-607,-601,-609,-596,-607,-595,-608,-608
4578,594,607,598,604,604,595,597,592
4579,602,591,598,595,603,602,599,596
4580,607,592,604,593,596,607,607,609
4581,-602,-600,-606,-606,-591,-604,-596,-607
4582,-597,-603,-606,-592,-608,-599,-601,-606
4583,-605,-598,-593,-608,-595,-605,-598,-607
4584,597,599,597,606,603,606,600,592
4585,598,600,591,591,594,607,606,599
4586,603,604,597,600,596,604,593,605
4587,-593,-592,-600,-591,-604,-607,-593,-594
4588,-596,-602,-591,-594,-597,-602,-602,-602
4589,-604,-603,-608,-608,-596,-605,-603,-594
4590,603,596,594,593,601,607,607,607
4591,599,598,595,603,605,607,605,596
4592,606,604,596,596,596,606,600,605
4593,-592,-595,-600,-606,-594,-592,-594,-605
4594,-597,-601,-593,-604,-601,-601,-593,-604
4595,-593,-598,-604,-605,-597,-608,-604,-601
4596,596,600,598,601,602,602,599,598
4597,599,604,599,600,596,607,596,602
4598,593,608,597,602,591,601,592,608
4599,-601,-609,-593,-601,-591,-599,-608,-608
4600,-603,-598,-599,-608,-601,-606,-591,-597
4601,-601,-609,-609,-599,-592,-593,-602,-595
4602,593,593,597,608,605,600,600,597
4603,593,603,600,604,604,607,608,601
4604,609,595,600,594,605,603,600,602
4605,-601,-602,-591,-594,-602,-601,-591,-601
4606,-606,-605,-601,-593,-599,-598,-600,-598
4607,-599,-602,-609,-595,-607,-596,-605,-607
4608,598,602,593,597,602,598,601,604
4609,597,591,604,599,603,608,599,609
4610,609,598,597,595,605,599,607,606
4611,-596,-604,-599,-609,-596,-599,-592,-603
4612,-609,-609,-607,-600,-608,-609,-603,-605
4613,-602,-609,-598,-598,-591,-601,-595,-605
4614,599,606,607,603,593,602,605,606
4615,596,603,594,601,595,609,593,596
4616,592,599,603,606,599,606,599,593
4617,-593,-596,-597,-595,-607,-599,-607,-596
4618,-597,-608,-609,-598,-599,-593,-608,-593
4619,-604,-604,-609,-602,-595,-596,-604,-597
4620,609,595,591,607,604,597,608,599
4621,604,595,594,598,601,596,602,599
4622,607,606,608,603,603,604,605,597
4623,-595,-599,-595,-598,-592,-592,-597,-603
4624,-603,-595,-597,-607,-591,-595,-607,-603
4625,-599,-591,-607,-591,-604,-607,-606,-608
4626,601,597,606,596,600,594,606,596
4627,605,597,593,608,602,601,604,601
4628,602,599,606,601,592,601,594,609
4629,-596,-600,-601,-604,-598,-603,-596,-607
4630,-604,-597,-607,-601,-592,-597,-591,-593
4631,-609,-608,-595,-609,-597,-609,-593,-597
4632,605,605,601,601,597,593,602,597
4633,606,602,604,593,598,596,602,598
4634,602,594,598,601,594,605,591,591
4635,-591,-602,-597,-591,-606,-606,-596,-603
4636,-604,-593,-608,-608,-606,-606,-604,-607
4637,-592,-598,-601,-604,-594,-600,-600,-605
4638,593,597,609,594,597,605,593,598
4639,591,593,605,593,595,597,605,594
4640,600,596,604,601,598,604,594,599
4641,-609,-603,-606,-599,-598,-605,-604,-598
4642,-602,-592,-609,-594,-600,-605,-599,-596
4643,-597,-591,-597,-593,-608,-598,-595,-591
4644,602,608,596,595,602,603,603,593
4645,600,607,592,597,593,608,591,597
4646,592,599,600,603,601,609,601,599
4647,-591,-606,-605,-600,-597,-593,-591,-601
4648,-604,-596,-608,-606,-594,-605,-608,-607
4649,-608,-607,-604,-601,-603,-595,-602,-599
4650,604,605,594,606,600,599,606,606
4651,606,594,604,605,605,599,608,595
4652,599,596,594,591,600,609,602,593
4653,-606,-599,-599,-598,-595,-602,-605,-605
4654,-609,-601,-591,-606,-607,-608,-601,-607
4655,-597,-591,-598,-591,-600,-594,-591,-599
4656,599,597,600,593,601,597,592,607
4657,607,594,609,596,601,595,603,603
4658,608,593,596,600,608,607,607,605
4659,-609,-602,-596,-607,-592,-599,-607,-593
4660,-605,-592,-608,-608,-591,-608,-602,-606
4661,-592,-606,-604,-599,-607,-599,-591,-591
4662,606,593,609,597,607,606,596,600
4663,605,594,594,602,609,591,601,601
4664,607,592,605,608,594,595,607,603
4665,-607,-591,-600,-594,-606,-591,-602,-598
4666,-603,-595,-596,-595,-603,-593,-604,-599
4667,-601,-599,-601,-609,-599,-596,-591,-593
4668,603,609,607,595,591,593,594,602
4669,596,606,596,606,609,603,591,594
4670,595,593,596,603,594,601,600,594
4671,-598,-603,-605,-602,-594,-599,-609,-596
4672,-602,-608,-599,-602,-607,-602,-595,-601
4673,-605,-599,-591,-591,-596,-600,-606,-591
4674,600,602,597,592,596,604,602,605
4675,606,594,602,604,607,608,595,606
4676,591,595,598,596,595,608,598,609
4677,-601,-600,-600,-609,-593,-599,-608,-595
4678,-598,-609,-604,-599,-596,-594,-609,-596
4679,-609,-591,-605,-598,-596,-609,-597,-599
4680,598,604,593,602,593,601,602,592
4681,605,601,593,591,607,596,600,602
4682,607,607,591,593,601,602,608,601
4683,-594,-608,-607,-602,-597,-594,-604,-606
4684,-600,-602,-603,-592,-595,-601,-603,-602
4685,-608,-607,-595,-609,-596,-597,-595,-594
4686,600,603,602,597,591,599,593,601
4687,600,599,602,604,608,591,609,601
4688,607,596,604,595,593,597,595,603
4689,-592,-606,-598,-608,-597,-596,-601,-604
4690,-606,-597,-606,-599,-601,-603,-592,-596
4691,-609,-605,-592,-593,-603,-599,-607,-602
4692,601,604,592,592,591,609,609,609
4693,594,601,594,608,608,609,596,599
4694,599,599,599,596,608,607,608,592
4695,-602,-601,-603,-594,-591,-596,-596,-602
4696,-602,-596,-602,-594,-603,-591,-591,-599
4697,-601,-592,-604,-599,-597,-602,-591,-603
4698,604,591,600,608,596,602,607,594
4699,602,609,592,600,594,602,602,605
4700,594,604,593,596,604,603,592,597
4701,-591,-606,-595,-609,-605,-608,-602,-605
4702,-593,-602,-604,-592,-594,-602,-594,-592
4703,-597,-593,-603,-593,-598,-607,-599,-603
4704,593,593,607,600,601,602,606,591
4705,604,593,603,598,597,601,597,591
4706,597,608,607,603,595,604,602,602
4707,-598,-601,-604,-605,-595,-597,-599,-593
4708,-603,-594,-597,-597,-596,-591,-601,-596
4709,-598,-602,-595,-597,-605,-594,-607,-601
4710,592,604,606,609,597,602,599,602
4711,600,594,605,600,600,596,605,596
4712,599,608,598,604,593,608,602,602
4713,-591,-607,-595,-600,-601,-591,-609,-606
4714,-599,-599,-594,-606,-608,-594,-598,-595
4715,-602,-601,-593,-598,-599,-604,-597,-606
4716,595,604,592,607,601,595,604,608
4717,593,592,604,596,593,608,593,594
4718,604,602,591,599,592,603,598,602
4719,-596,-594,-609,-600,-592,-596,-606,-597
4720,-603,-608,-606,-595,-602,-598,-600,-609
4721,-595,-607,-592,-609,-597,-609,-601,-598
4722,604,604,592,605,606,598,594,605
4723,594,591,603,592,595,604,595,599
4724,596,603,591,601,596,604,593,597
4725,-593,-608,-609,-596,-596,-595,-599,-606
4726,-605,-601,-595,-598,-600,-604,-595,-604
4727,-591,-602,-607,-604,-596,-605,-605,-600
4728,592,593,597,607,601,600,600,591
4729,606,608,603,597,607,591,608,608
4730,593,605,603,596,592,606,596,602
4731,-600,-595,-607,-609,-600,-609,-606,-603
4732,-599,-593,-602,-599,-598,-605,-599,-591
4733,-603,-606,-602,-592,-603,-605,-593,-602
4734,592,602,594,596,609,606,603,602
4735,602,600,609,607,603,602,602,592
4736,605,608,601,607,591,599,608,594
4737,-606,-605,-594,-595,-605,-606,-597,-595
4738,-597,-603,-600,-605,-596,-609,-607,-599
4739,-608,-593,-604,-602,-606,-592,-598,-595
4740,596,605,597,609,605,602,591,591
4741,592,591,605,594,596,600,605,598
4742,602,603,609,608,607,600,591,599
4743,-601,-591,-596,-594,-602,-601,-593,-598
4744,-600,-600,-595,-594,-605,-594,-591,-603
4745,-601,-609,-608,-606,-600,-598,-593,-598
4746,593,609,592,596,606,595,605,598
4747,595,599,593,604,593,591,595,600
4748,597,597,602,594,608,593,608,597
4749,-595,-599,-598,-596,-595,-603,-593,-591
4750,604,592,599,606,591,600,599,608
4751,603,594,605,596,607,603,607,607
4752,608,600,606,591,599,608,605,596
4753,593,600,593,592,609,597,595,608
4754,608,599,600,599,592,607,608,608
4755,-605,-593,-594,-601,-609,-594,-596,-603
4756,-606,-605,-594,-607,-600,-601,-607,-598
4757,-596,-598,-602,-605,-599,-602,-603,-600
4758,-605,-604,-594,-598,-604,-593,-602,-608
4759,-605,-607,-601,-609,-598,-608,-609,-593
4760,596,600,594,605,607,596,597,604
4761,603,606,606,606,595,591,599,597
4762,609,593,605,601,599,609,600,593
4763,595,592,606,602,607,599,608,608
4764,594,602,595,603,606,591,606,600
4765,-594,-598,-601,-601,-609,-598,-603,-591
4766,-604,-604,-593,-608,-602,-598,-592,-599
4767,-600,-602,-609,-596,-609,-608,-596,-605
4768,-596,-604,-606,-607,-591,-595,-597,-599
4769,-596,-603,-591,-608,-607,-593,-602,-594
4770,594,597,593,605,605,600,604,595
4771,609,602,600,594,607,595,609,593
4772,595,595,603,595,593,609,598,601
4773,601,601,604,596,605,599,607,608
4774,607,603,603,591,609,609,603,607
4775,-604,-607,-591,-599,-607,-597,-600,-606
4776,-604,-592,-601,-599,-607,-596,-592,-591
4777,-605,-609,-591,-596,-596,-603,-605,-606
4778,-609,-592,-608,-601,-594,-597,-591,-601
4779,-601,-599,-607,-609,-594,-594,-598,-594
4780,608,606,606,594,596,603,601,596
4781,603,604,604,602,597,591,607,606
4782,601,601,593,599,608,599,607,606
4783,605,604,591,592,594,591,601,593
4784,597,598,600,591,609,605,602,605
4785,-608,-601,-607,-599,-591,-607,-596,-599
4786,-593,-603,-596,-605,-604,-593,-597,-600
4787,-605,-604,-604,-605,-601,-596,-601,-596
4788,-591,-592,-596,-594,-609,-591,-600,-602
4789,-595,-592,-600,-594,-606,-603,-599,-602
4790,607,592,594,595,598,605,597,599
4791,608,600,607,597,604,591,609,593
4792,605,602,599,605,604,600,604,602
4793,597,598,597,609,600,607,593,595
4794,597,596,604,597,599,607,591,604
4795,-600,-595,-596,-599,-596,-597,-596,-607
4796,-601,-608,-599,-604,-609,-607,-595,-593
4797,-595,-604,-594,-598,-603,-597,-609,-592
4798,-599,-593,-598,-598,-601,-592,-594,-602
4799,-602,-609,-602,-609,-607,-596,-601,-601
4800,591,597,603,602,599,591,595,605
4801,591,595,598,596,605,599,592,594
4802,603,592,609,595,606,608,608,597
4803,597,606,593,595,594,598,607,603
4804,596,598,600,592,607,601,605,602
4805,-607,-601,-593,-592,-602,-601,-597,-597
4806,-604,-606,-595,-598,-608,-600,-592,-600
4807,-608,-594,-595,-609,-601,-602,-605,-604
4808,-599,-603,-596,-592,-592,-608,-596,-601
4809,-608,-591,-603,-602,-600,-597,-609,-605
4810,596,601,591,596,594,595,593,595
4811,598,608,606,600,597,600,609,605
4812,597,595,609,594,604,608,606,592
4813,608,591,601,602,608,606,604,604
4814,603,607,596,602,600,603,601,602
4815,-602,-605,-602,-600,-592,-591,-594,-595
4816,-597,-605,-594,-596,-608,-591,-605,-602
4817,-609,-601,-606,-595,-602,-593,-608,-594
4818,-598,-593,-598,-607,-593,-592,-597,-601
4819,-605,-608,-591,-607,-593,-600,-597,-599
4820,604,594,595,601,609,606,600,591
4821,599,594,608,605,597,599,598,606
4822,600,609,592,594,607,593,607,604
4823,598,596,602,607,592,608,609,608
4824,595,602,592,601,599,608,607,603
4825,-598,-594,-601,-601,-603,-609,-606,-592
4826,-592,-609,-596,-591,-600,-603,-595,-603
4827,-596,-592,-596,-600,-595,-600,-607,-591
4828,-601,-608,-605,-602,-597,-608,-597,-608
4829,-598,-609,-609,-596,-603,-599,-600,-592
4830,608,607,608,600,601,595,608,599
4831,604,601,609,593,597,603,598,591
4832,599,595,594,608,594,604,595,600
4833,594,599,596,592,600,604,602,600
4834,599,597,602,596,608,599,603,606
4835,-605,-591,-608,-599,-599,-593,-593,-604
4836,-594,-602,-601,-594,-609,-600,-609,-594
4837,-606,-593,-601,-608,-592,-597,-609,-598
4838,-592,-608,-606,-597,-592,-605,-609,-609
4839,-593,-600,-603,-606,-602,-607,-591,-598
4840,597,601,592,601,609,605,607,592
4841,604,609,592,595,602,591,600,598
4842,609,591,593,599,608,599,599,604
4843,593,597,591,606,592,607,608,603
4844,597,605,608,606,595,592,596,604
4845,-592,-597,-596,-596,-599,-593,-604,-591
4846,-602,-594,-600,-591,-594,-598,-602,-592
4847,-591,-593,-595,-593,-594,-604,-605,-601
4848,-598,-600,-604,-595,-601,-603,-599,-593
4849,-603,-591,-594,-596,-597,-609,-592,-603
4850,607,594,604,592,594,593,599,599
4851,609,604,592,605,591,591,608,606
4852,593,600,603,591,604,592,597,606
4853,593,607,601,604,598,606,599,605
4854,601,606,592,598,592,605,607,606
4855,-595,-597,-605,-592,-601,-605,-598,-605
4856,-595,-591,-592,-601,-600,-596,-603,-593
4857,-606,-593,-596,-599,-593,-597,-593,-596
4858,-607,-606,-603,-608,-591,-606,-604,-603
4859,-598,-596,-596,-595,-596,-601,-608,-608
4860,601,605,607,609,605,603,591,599
4861,604,609,597,592,593,605,603,602
4862,593,598,598,605,599,591,593,591
4863,600,605,597,597,592,604,592,602
4864,597,593,597,592,595,609,594,604
4865,-598,-608,-599,-608,-595,-594,-605,-608
4866,-604,-597,-598,-605,-594,-599,-600,-597
4867,-608,-593,-592,-608,-609,-594,-593,-609
4868,-593,-603,-596,-608,-603,-604,-608,-606
4869,-601,-598,-609,-608,-609,-605,-605,-596
4870,606,606,606,593,607,609,607,592
4871,604,597,595,604,591,604,602,592
4872,598,591,606,605,591,607,609,607
4873,594,601,592,594,592,602,594,609
4874,606,593,597,608,606,599,606,601
4875,-608,-591,-609,-598,-601,-595,-603,-594
4876,-591,-605,-598,-602,-598,-598,-606,-594
4877,-608,-596,-608,-605,-597,-604,-594,-605
4878,-606,-599,-604,-593,-598,-595,-604,-608
4879,-599,-601,-603,-600,-605,-607,-603,-601
4880,601,609,594,599,594,591,593,606
4881,605,600,602,597,599,605,593,593
4882,598,592,596,605,603,603,596,599
4883,594,597,601,599,603,605,599,600
4884,602,604,600,594,596,595,608,592
4885,-605,-607,-604,-591,-595,-598,-598,-599
4886,-608,-602,-602,-599,-601,-594,-599,-601
4887,-596,-608,-591,-594,-599,-595,-602,-602
4888,-595,-593,-592,-602,-605,-603,-596,-599
4889,-594,-602,-603,-598,-607,-599,-596,-592
4890,604,607,606,603,602,607,600,597
4891,601,609,602,603,603,609,605,605
4892,606,596,609,609,592,591,605,596
4893,600,602,603,603,598,599,604,602
4894,608,596,608,597,606,605,591,599
4895,-607,-594,-596,-591,-596,-596,-595,-593
4896,-607,-600,-609,-602,-597,-604,-609,-596
4897,-591,-604,-595,-598,-604,-599,-600,-605
4898,-592,-601,-600,-596,-593,-596,-597,-594
4899,-592,-609,-599,-600,-603,-602,-608,-600
4900,601,592,607,601,601,604,606,597
4901,609,600,593,607,600,609,606,603
4902,598,594,601,591,597,601,591,602
4903,604,593,604,601,605,608,591,598
4904,605,602,599,607,606,595,608,599
4905,-599,-594,-592,-605,-591,-593,-597,-604
4906,-593,-609,-600,-603,-599,-596,-600,-596
4907,-604,-604,-609,-606,-594,-604,-601,-606
4908,-591,-595,-599,-592,-599,-603,-608,-596
4909,-595,-596,-599,-607,-598,-592,-599,-594
4910,592,595,602,595,608,609,593,592
4911,607,599,604,604,602,609,598,605
4912,602,594,604,599,603,600,594,607
4913,604,594,599,603,607,601,608,606
4914,608,598,595,593,603,603,598,605
4915,-592,-601,-605,-600,-600,-593,-600,-592
4916,-605,-592,-603,-609,-594,-594,-607,-601
4917,-594,-595,-603,-599,-600,-591,-595,-607
4918,-594,-606,-598,-592,-596,-601,-594,-605
4919,-597,-596,-602,-593,-595,-603,-598,-603
4920,602,605,602,604,592,609,601,591
4921,607,594,608,595,594,601,596,594
4922,591,608,598,597,593,595,596,603
4923,596,606,602,606,603,601,599,597
4924,603,599,606,592,597,609,593,595
4925,-603,-608,-606,-607,-593,-602,-605,-592
4926,-603,-609,-596,-592,-595,-604,-607,-603
4927,-596,-593,-591,-603,-603,-595,-597,-608
4928,-593,-594,-607,-600,-593,-601,-598,-594
4929,-602,-605,-607,-604,-601,-595,-591,-604
4930,592,595,607,598,594,592,591,609
4931,606,601,607,605,601,604,592,591
4932,601,592,593,600,598,596,606,608
4933,594,603,591,593,591,597,597,598
4934,604,597,596,609,598,605,604,609
4935,-599,-596,-591,-596,-597,-605,-594,-600
4936,-600,-595,-605,-600,-602,-597,-598,-601
4937,-599,-592,-607,-596,-609,-591,-594,-597
4938,-599,-593,-593,-609,-599,-602,-609,-606
4939,-600,-601,-598,-606,-604,-604,-594,-601
4940,592,600,603,597,593,598,607,591
4941,604,599,591,592,593,595,591,591
4942,593,609,596,605,594,597,606,601
4943,609,603,605,606,603,596,602,598
4944,606,595,599,598,596,595,596,591
4945,-593,-600,-605,-604,-598,-593,-599,-602
4946,-594,-598,-595,-606,-598,-598,-603,-602
4947,-592,-606,-602,-599,-592,-607,-598,-596
4948,-596,-597,-608,-606,-591,-605,-593,-592
4949,-592,-592,-604,-602,-597,-608,-594,-593
4950,593,597,602,594,608,599,595,606
4951,597,591,604,604,594,605,605,605
4952,591,599,601,592,592,592,598,595
4953,605,592,597,599,605,599,606,606
4954,606,606,602,599,596,605,607,596
4955,-605,-602,-591,-605,-595,-603,-597,-601
4956,-607,-602,-598,-605,-592,-603,-597,-592
4957,-603,-593,-600,-601,-591,-601,-594,-593
4958,-607,-608,-609,-601,-603,-602,-609,-596
4959,-598,-596,-596,-608,-597,-602,-597,-592
4960,596,595,601,591,608,596,607,597
4961,608,604,595,593,609,595,601,607
4962,606,606,596,595,599,593,600,592
4963,594,602,592,594,604,596,605,608
4964,596,606,598,602,595,593,596,602
4965,-601,-598,-592,-594,-603,-606,-602,-592
4966,-607,-601,-598,-604,-595,-595,-600,-601
4967,-597,-599,-592,-600,-595,-594,-606,-602
4968,-596,-591,-602,-597,-594,-591,-592,-599
4969,-598,-609,-591,-605,-591,-596,-599,-602
4970,595,599,603,596,607,602,609,596
4971,605,595,603,602,601,595,597,608
4972,591,602,594,603,598,602,599,605
4973,597,598,598,591,603,604,606,594
4974,592,596,596,598,605,604,595,606
4975,-592,-592,-608,-601,-595,-592,-593,-604
4976,-599,-604,-598,-598,-595,-602,-597,-598
4977,-597,-592,-593,-605,-595,-599,-599,-594
4978,-594,-600,-601,-605,-599,-591,-603,-597
4979,-605,-603,-605,-598,-603,-609,-603,-593
4980,593,591,596,603,594,591,604,593
4981,602,592,591,594,603,591,609,591
4982,599,597,596,603,593,609,591,594
4983,593,600,594,597,600,607,606,596
4984,605,599,609,599,596,593,606,607
4985,-599,-606,-594,-593,-592,-602,-599,-607
4986,-600,-596,-609,-598,-601,-605,-600,-606
4987,-608,-593,-592,-605,-596,-607,-604,-608
4988,-591,-598,-592,-601,-605,-592,-592,-609
4989,-606,-595,-600,-598,-608,-596,-591,-602
4990,597,608,592,608,602,601,602,594
4991,601,600,593,594,598,604,597,591
4992,593,601,600,603,607,596,597,602
4993,608,607,596,592,602,606,593,596
4994,594,603,609,601,592,591,603,593
4995,-602,-597,-601,-595,-605,-605,-609,-594
4996,-607,-595,-592,-600,-594,-602,-607,-603
4997,-606,-601,-602,-592,-593,-604,-600,-599
4998,-595,-591,-596,-591,-600,-609,-604,-609
4999,-608,-601,-601,-593,-594,-601,-596,-596
